run_id,date,instrument_name,number_of_reads,run_type,total_gigabases
1,2012-06-21,Others,20000000,PE100,2
2,2012-08-24,Others,,,
3,2012-08-24,Others,,,
4,2012-08-17,Others,,,
5,2012-08-08,Others,,,
6,2012-09-03,Others,,,
7,2012-09-03,Others,,,
8,2012-09-19,Others,,,
9,2012-09-20,Others,,,
10,2012-10-19,Others,,,
11,2012-10-19,Others,,,
12,2012-11-15,Others,,,
13,2012-11-19,Others,,,
14,2012-12-04,HiSeq2500,,,
16,2012-12-13,Others,,,
17,2012-12-13,Others,,,
18,2012-12-13,HiSeq2500,,,
20,2013-02-01,HiSeq2500,0,PE100,0
21,2013-02-05,HiSeq2500,0,PE100,0
22,2013-02-12,Others,0,PE100,0
23,2013-02-19,HiSeq2500,461611687,SR100,46
25,2013-02-28,Others,6121296,PE100,0
26,2013-02-28,Others,1533103416,PE100,153
27,2013-02-28,HiSeq2500,0,SR100,0
28,2013-03-21,Others,1519230814,PE100,151
30,2013-03-20,Others,651780395,SR100,65
31,2013-04-15,Others,1959522490,PE100,195
32,2013-04-02,HiSeq2500,1031931170,SR50,51
33,2013-04-03,Others,,,
34,2013-04-05,Others,,,
35,2013-04-03,Others,,,
36,2013-04-08,HiSeq2500,1090798648,SR100,109
37,2013-04-26,HiSeq2500,3046088332,PE100,304
38,2013-04-10,Others,1391319648,SR100,139
39,2013-04-11,Others,,,
40,2013-04-12,HiSeq2500,,,
41,2013-04-26,Others,,,
42,2013-04-18,HiSeq2500,1045022169,SR100,104
43,2013-04-24,HiSeq2500,1200668520,SR100,120
44,2013-04-16,HiSeq2500,1310628465,SR100,131
45,2013-04-17,Others,1297665830,SR100,129
46,2013-04-30,Others,1295274772,SR100,129
47,2013-05-07,Others,,,
48,2013-05-08,Others,90368090,SR50,4
52,2013-05-07,Others,,,
58,2013-05-10,Others,2713237820,PE100,271
59,0000-00-00,PacBio,,,
60,0000-00-00,PacBio,,,
61,2013-05-14,HiSeq2500,1303124373,SR100,130
64,2013-06-06,Others,1195721486,SR100,119
66,2013-05-23,HiSeq2500,2165908394,PE100,216
67,2013-05-23,HiSeq2500,842864688,SR50,42
68,2013-06-07,HiSeq2500,3133501080,PE100,313
69,2013-07-09,Others,524276606,SR50,26
70,0000-00-00,PacBio,,,
72,2013-06-21,Others,1256453886,SR100,125
73,2013-06-18,MiSeq,,,
74,2013-07-08,Others,731922573,SR100,73
75,2013-07-05,HiSeq2500,2820655350,PE100,282
76,2013-06-21,MiSeq,,,
77,2013-08-09,HiSeq2500,1154395542,SR100,115
78,2013-07-09,Others,3226505684,PE100,322
79,2013-08-09,HiSeq2500,399431701,SR50,19
80,2013-07-04,MiSeq,,,
81,2013-07-11,MiSeq,,,
82,2013-07-23,HiSeq2500,3617622414,PE100,361
83,0000-00-00,MiSeq,,,
84,0000-00-00,PacBio,,,
85,0000-00-00,PacBio,,,
87,2013-08-19,Others,0,PE100,0
89,2013-07-30,MiSeq,0,PE250,0
91,0000-00-00,PacBio,,,
92,0000-00-00,PacBio,,,
94,0000-00-00,PacBio,,,
96,0000-00-00,PacBio,,,
97,0000-00-00,PacBio,,,
98,2013-08-06,Others,1191307224,PE100,119
99,2013-08-30,HiSeq2500,446962832,SR100,44
100,2013-08-30,HiSeq2500,2873441824,PE100,287
103,0000-00-00,PacBio,,,
104,0000-00-00,PacBio,,,
108,0000-00-00,MiSeq,,,
113,2013-08-23,MiSeq,,,
114,2013-08-28,MiSeq,,,
115,2013-08-29,Others,,,
116,2013-09-12,HiSeq2500,603714338,SR100,60
117,2013-09-27,Others,2453725520,PE100,245
118,2013-09-06,HiSeq2500,832558459,SR50,41
119,2013-09-27,Others,1381551178,SR100,138
120,2013-08-30,MiSeq,,,
121,2013-09-06,MiSeq,,,
122,2013-09-11,MiSeq,,,
124,2013-11-05,Others,2581642252,PE100,258
125,2013-10-03,MiSeq,,,
126,2013-10-31,Others,782377899,SR100,78
127,2013-11-04,Others,882021210,SR100,88
128,2013-10-29,Others,1001493536,SR50,50
129,2013-10-15,MiSeq,,,
130,2013-10-29,Others,971863789,SR100,97
131,2013-10-18,MiSeq,,,
132,2013-11-05,Others,2794133006,PE100,279
133,2013-11-05,HiSeq2500,1312173469,SR100,131
134,2013-11-22,Others,1956619938,PE100,195
135,2013-12-05,HiSeq2500,692797918,SR50,34
136,2013-11-05,MiSeq,,,
137,2013-11-12,MiSeq,,,
138,2013-12-06,HiSeq2500,1250026833,SR100,125
139,2013-12-05,HiSeq2500,1217344003,SR100,121
140,2013-12-11,HiSeq2500,1341010844,SR100,134
141,2013-12-10,Others,1419523323,SR100,141
142,2013-11-15,MiSeq,,,
143,2014-01-14,Others,512194623,SR100,51
146,0000-00-00,MiSeq,,,
147,0000-00-00,MiSeq,,,
148,0000-00-00,MiSeq,,,
149,2014-01-14,Others,,,
150,2014-01-31,HiSeq2500,3185876058,PE100,318
151,2014-02-12,HiSeq2500,,,
153,2014-01-31,HiSeq2500,2434148846,PE100,243
155,2014-01-09,MiSeq,,,
156,0000-00-00,MiSeq,,,
171,2014-01-22,HiSeq2500,1235096075,SR100,123
181,2014-02-14,HiSeq2500,2664434676,PE100,266
182,2014-03-04,HiSeq2500,1202702655,SR100,120
183,2014-02-07,Others,,,
184,2014-02-14,HiSeq2500,1369462207,SR100,136
185,2014-03-04,HiSeq2500,1287016608,SR100,128
186,2014-03-11,Others,1261449195,SR100,126
187,2014-02-26,HiSeq2500,1497633493,SR100,149
189,2014-03-24,HiSeq2500,3322087288,PE100,332
190,2014-03-25,HiSeq2500,1255989888,SR100,125
191,2014-02-28,MiSeq,,,
192,2014-03-04,MiSeq,,,
193,2014-03-21,Others,0,SR50,0
194,2014-03-26,HiSeq2500,1359869975,SR100,135
195,2014-04-14,HiSeq2500,2098393620,PE100,209
196,2014-03-26,Others,1236452910,SR100,123
197,2014-03-18,HiSeq2500,1044843722,SR50,52
198,2014-03-06,MiSeq,,,
199,2014-03-11,MiSeq,,,
200,2014-03-14,MiSeq,,,
201,2014-04-17,Others,0,SR100,0
202,2014-03-19,MiSeq,,,
203,2014-04-21,HiSeq2500,1116739816,SR100,111
204,2014-04-07,HiSeq2500,712415822,SR50,35
205,2014-04-21,HiSeq2500,1182860183,SR50,59
206,0000-00-00,MiSeq,,,
207,2014-04-04,MiSeq,,,
208,2014-05-14,HiSeq2500,2267391568,PE100,226
209,2014-05-02,HiSeq2500,965772462,SR50,48
210,2014-05-16,HiSeq2500,1020193868,SR100,102
211,2014-04-11,MiSeq,,,
212,2014-04-17,MiSeq,,,
213,2014-04-25,HiSeq2500,1352544163,SR100,135
215,2014-05-14,HiSeq2500,2339443214,PE100,233
216,2014-05-16,HiSeq2500,2701869036,PE100,270
217,2014-06-05,Others,2146462510,PE100,214
218,2014-06-06,Others,823514787,SR100,82
219,2014-05-09,MiSeq,0,PE150,0
220,2014-05-07,MiSeq,,,
221,2014-05-16,MiSeq,,,
222,2014-05-30,HiSeq2500,1990903240,PE100,199
224,2014-05-30,HiSeq2500,2458362856,PE100,245
225,2014-06-06,HiSeq2500,2385941922,PE100,238
226,2014-06-06,Others,889441324,SR100,88
227,2014-06-11,HiSeq2500,722297440,SR100,72
228,2014-06-09,MiSeq,,,
229,2014-06-19,HiSeq2500,1416812193,SR100,141
230,2014-06-25,HiSeq2500,1341031898,SR100,134
231,2014-06-19,HiSeq2500,3334546930,PE100,333
232,2014-06-25,HiSeq2500,1232840074,SR100,123
234,2014-07-04,HiSeq2500,998224059,SR100,99
235,2014-06-26,HiSeq2500,3425490416,PE100,342
236,2014-07-17,HiSeq2500,1999969994,PE100,199
238,2014-07-23,HiSeq2500,1148813637,SR100,114
239,2014-08-12,HiSeq2500,2294656558,PE100,229
240,2014-07-18,HiSeq2500,2544375306,PE100,254
242,2014-07-08,MiSeq,,,
243,2014-07-17,MiSeq,,,
244,2014-07-21,MiSeq,,,
245,2014-08-05,HiSeq2500,911656640,SR100,91
246,2014-08-11,HiSeq2500,1252910318,PE100,125
247,2014-07-22,MiSeq,,,
248,2014-07-28,MiSeq,,,
249,2014-08-07,MiSeq,,,
250,2014-08-28,HiSeq2500,3704105630,PE100,370
251,2014-08-14,HiSeq2500,1263233540,SR100,126
252,2014-08-07,HiSeq2500,2416152636,PE100,241
253,2014-08-07,HiSeq2500,3221759332,PE100,322
254,2014-08-14,HiSeq2500,924787923,SR100,92
255,2014-08-22,HiSeq2500,1372412790,SR100,137
256,2014-08-28,HiSeq2500,1555790380,PE100,155
257,2014-08-11,MiSeq,,,
258,2014-08-22,HiSeq2500,946899767,SR100,94
259,2014-09-01,HiSeq2500,1643741055,SR100,164
260,2014-09-11,HiSeq2500,951011387,SR100,95
261,2014-09-11,HiSeq2500,3870508016,PE100,387
262,2014-09-24,HiSeq2500,1289791190,SR100,128
263,2014-09-23,HiSeq2500,4136541176,PE100,413
264,2014-10-28,HiSeq2500,2796977270,PE100,279
265,2014-09-08,MiSeq,,,
266,2014-09-24,HiSeq2500,1079810283,SR100,107
267,2014-10-07,HiSeq2500,2048118714,SR100,204
268,2014-10-07,HiSeq2500,1132613678,SR100,113
269,0000-00-00,HiSeq2500,,,
272,2014-11-07,HiSeq2500,1324747837,SR100,132
274,2014-10-17,NextSeq,,,
275,2014-10-30,MiSeq,,,
276,2014-10-24,MiSeq,,,
277,2014-11-07,HiSeq2500,3789885554,PE100,378
278,0000-00-00,HiSeq2500,,,
279,2014-11-28,HiSeq2500,1825822655,SR100,182
280,2014-12-11,HiSeq2500,1673347727,SR100,167
281,0000-00-00,MiSeq,,,
282,2014-12-10,HiSeq2500,3025517746,PE100,302
283,2014-11-14,MiSeq,,,
284,2014-11-26,MiSeq,,,
285,2014-11-26,MiSeq,,,
286,2014-11-01,MiSeq,0,PE150,0
287,2014-12-19,HiSeq2500,3926448856,PE100,392
288,2014-12-11,HiSeq2500,1831754335,SR100,183
289,2014-12-09,HiSeq2500,3592805558,PE100,359
290,0000-00-00,MiSeq,,,
291,0000-00-00,MiSeq,,,
292,0000-00-00,MiSeq,,,
293,0000-00-00,MiSeq,,,
294,2014-12-19,HiSeq2500,1570906034,SR100,157
295,2014-12-15,MiSeq,,,
296,2014-12-17,MiSeq,,,
297,2014-12-17,MiSeq,0,SR50,0
298,2015-01-06,MiSeq,,,
299,2015-01-08,HiSeq2500,1954607813,SR100,195
300,2015-01-08,HiSeq2500,4126143146,PE100,412
301,2015-01-08,HiSeq2500,3799573714,PE100,379
302,2015-01-27,HiSeq2500,2915135140,PE125,364
303,2015-01-22,HiSeq2500,1820391498,SR125,227
304,0000-00-00,MiSeq,,,
305,2015-01-21,HiSeq2500,,,
306,2015-01-19,MiSeq,0,PE250,0
307,2015-02-05,HiSeq2500,2033767383,SR125,254
308,2015-02-13,HiSeq2500,4631733538,PE125,578
309,2015-02-13,HiSeq2500,1766188657,SR125,220
310,2015-02-05,MiSeq,,,
311,0000-00-00,MiSeq,,,
312,2015-02-13,HiSeq2500,3936390282,PE125,492
313,2015-03-03,HiSeq2500,1558052852,SR125,194
314,2015-02-25,HiSeq2500,1990577756,SR125,248
315,2015-04-16,HiSeq2500,3396742882,PE125,424
316,2015-03-04,HiSeq2500,3534532852,PE125,441
317,2015-03-09,HiSeq2500,3156216580,PE125,394
318,2015-03-20,HiSeq2500,3286622938,PE125,410
319,2015-04-16,HiSeq2500,1164753099,SR125,145
320,2015-03-20,HiSeq2500,1605555165,SR125,200
321,2015-04-17,HiSeq2500,1050895212,SR125,131
322,2015-03-26,HiSeq2500,3422380946,PE125,427
323,2015-04-08,HiSeq2500,1646149754,SR125,205
324,2015-04-10,HiSeq2500,,,
325,2015-04-30,HiSeq2500,3634432370,PE125,454
326,2015-04-08,HiSeq2500,1399622562,SR50,69
327,2015-04-10,MiSeq,,,
328,2015-04-30,HiSeq2500,1627423001,SR125,203
329,0000-00-00,MiSeq,,,
330,2015-04-15,HiSeq2500,3003680756,PE125,375
331,2015-04-20,MiSeq,,,
332,2015-05-08,HiSeq2500,3326997392,PE125,415
333,2015-04-28,MiSeq,,,
334,2015-04-28,MiSeq,,,
335,2015-05-08,HiSeq2500,1237380700,SR125,154
336,2015-05-21,HiSeq2500,3188024694,PE125,398
337,2015-05-21,HiSeq2500,1266707633,SR125,158
338,2015-05-07,MiSeq,,,
339,2015-05-11,MiSeq,,,
340,2015-05-13,MiSeq,,,
341,2015-06-05,HiSeq2500,1591970807,SR125,198
342,2015-06-18,HiSeq2500,3240028158,PE125,405
343,2015-06-05,HiSeq2500,1642656211,SR125,205
344,0000-00-00,MiSeq,,,
345,2015-06-19,HiSeq2500,1322920006,SR125,165
346,2015-06-19,HiSeq2500,1777356755,SR125,222
348,2015-06-26,HiSeq2500,3895951264,PE125,486
349,2015-06-26,HiSeq2500,1464664431,SR125,183
350,2015-06-18,HiSeq2500,1894958622,SR125,236
351,2015-06-05,MiSeq,,,
352,0000-00-00,MiSeq,,,
353,0000-00-00,MiSeq,,,
354,2015-07-14,HiSeq2500,3740304344,PE125,467
355,0000-00-00,NextSeq,,,
357,2015-06-18,NextSeq,,,
358,2015-07-03,HiSeq2500,1514083645,SR125,189
359,2015-07-03,HiSeq2500,,,
360,2015-07-09,HiSeq2500,482483609,SR125,60
361,2015-07-17,HiSeq2500,1868194731,SR125,233
362,2015-06-23,MiSeq,,,
363,2015-06-25,MiSeq,,,
364,2015-06-30,MiSeq,,,
365,2015-07-02,NextSeq,,,
366,2015-07-31,HiSeq2500,3979144130,PE125,497
369,2015-07-23,HiSeq2500,1615642547,SR125,201
370,2015-07-09,HiSeq2500,978024180,SR125,122
372,2015-07-13,MiSeq,,,
373,2015-07-17,HiSeq2500,1980741593,SR125,247
374,2015-07-16,MiSeq,,,
375,2015-07-23,HiSeq2500,1424179768,SR125,178
376,2015-07-31,HiSeq2500,1474853322,SR125,184
377,2015-07-31,HiSeq2500,3427248395,PE125,428
378,2015-07-31,HiSeq2500,3527064094,PE125,440
379,2015-08-12,HiSeq2500,1613856243,SR125,201
381,2015-08-12,HiSeq2500,1791621219,SR125,223
382,2015-07-31,NextSeq,,,
383,2015-08-21,HiSeq2500,2576275946,PE125,322
384,2015-07-31,MiSeq,,,
385,2015-07-31,MiSeq,,,
386,2015-08-04,MiSeq,,,
388,2015-08-11,NextSeq,,,
389,2015-08-21,HiSeq2500,1765439900,SR125,220
390,2015-09-04,HiSeq2500,2139786388,SR125,267
391,2015-08-19,MiSeq,,,
392,2015-08-19,MiSeq,,,
393,2015-09-10,HiSeq2500,2271322420,PE125,283
394,2015-08-19,NextSeq,0,SR150,0
395,2015-08-19,MiSeq,,,
396,2015-08-26,PacBio,,,
397,2015-08-26,PacBio,,,
398,2015-09-16,HiSeq2500,2068336399,SR125,258
399,2015-08-31,PacBio,,,
400,2015-09-01,MiSeq,0,PE300,0
401,2015-09-01,MiSeq,,,
402,2015-10-16,HiSeq2500,3655385474,PE125,456
403,2015-09-04,PacBio,,,
404,2015-09-04,PacBio,,,
405,2015-09-04,PacBio,,,
406,2015-09-04,NextSeq,0,SR150,0
407,2015-09-07,PacBio,,,
408,2015-09-25,HiSeq2500,1832138127,SR125,229
409,2015-09-25,HiSeq2500,2158990622,PE125,269
411,2015-09-17,MiSeq,,,
412,2015-09-17,MiSeq,,,
413,2015-09-17,PacBio,,,
414,2015-09-18,PacBio,,,
415,2015-10-09,HiSeq2500,1647488268,SR125,205
416,2015-09-21,NextSeq,,,
417,2015-09-21,MiSeq,0,PE150,0
419,2015-09-30,PacBio,,,
420,2015-09-30,PacBio,,,
421,2015-09-30,PacBio,,,
422,2015-10-16,HiSeq2500,1799199001,SR125,224
423,2015-10-08,HiSeq2500,1545365110,SR125,193
424,2015-10-16,HiSeq2500,1760853888,SR125,220
425,2015-10-06,PacBio,,,
426,2015-09-17,MiSeq,,,
427,2015-10-08,PacBio,,,
428,2015-10-29,HiSeq2500,2666673076,PE125,333
429,2015-10-29,HiSeq2500,3082754932,PE125,385
430,2015-10-27,HiSeq2500,1659790314,SR125,207
431,2015-10-14,PacBio,,,
432,2015-10-27,HiSeq2500,1675116197,SR125,209
433,2015-10-19,PacBio,,,
434,2015-11-09,HiSeq2500,1837076748,SR125,229
435,2015-11-16,HiSeq2500,1681981300,SR125,210
436,2015-10-23,MiSeq,0,PE250,0
437,2015-11-09,HiSeq2500,3620885088,PE125,452
440,2015-10-28,MiSeq,,,
441,2015-10-28,MiSeq,,,
443,2015-11-02,PacBio,,,
444,2015-11-02,PacBio,,,
445,2015-11-02,PacBio,,,
446,2015-11-02,PacBio,,,
447,2015-11-02,MiSeq,,,
448,2015-11-18,HiSeq2500,4010918136,PE125,501
449,2016-10-12,HiSeq2500,1741860729,SR125,217
450,2015-11-09,MiSeq,,,
451,2015-11-10,NextSeq,0,PE75,0
452,2015-11-13,MiSeq,,,
454,2015-12-02,HiSeq2500,3580587580,PE125,447
455,2015-12-02,HiSeq2500,1535804600,SR125,191
456,2015-11-16,PacBio,,,
457,2015-11-17,MiSeq,,,
458,2015-11-24,HiSeq2500,2570738872,PE125,321
459,2015-11-18,MiSeq,,,
460,2015-11-19,NextSeq,235699630,SR150,35
461,2015-12-11,HiSeq2500,1728636470,SR125,216
462,2015-11-20,MiSeq,,,
463,2015-12-02,HiSeq2500,3192703434,PE125,399
464,2015-12-11,HiSeq2500,3279222902,PE125,409
465,2015-11-24,NextSeq,137403830,PE75,10
466,2015-11-24,NextSeq,429910626,PE75,32
467,2015-12-02,HiSeq2500,3175388956,PE125,396
468,2015-11-26,PacBio,,,
469,2015-11-28,PacBio,,,
470,2015-11-30,NextSeq,163211076,PE75,12
471,2015-12-11,HiSeq2500,1633951044,SR125,204
472,2015-12-23,HiSeq2500,2393131294,PE125,299
473,2015-12-04,PacBio,,,
474,2015-12-04,MiSeq,,,
475,2015-12-09,NextSeq,308157018,PE150,46
476,2015-12-10,PacBio,,,
477,2015-12-22,HiSeq2500,3041848988,PE125,380
478,2015-12-23,HiSeq2500,1492625866,SR125,186
479,2015-12-14,MiSeq,,,
480,2015-12-14,MiSeq,,,
481,2015-12-15,PacBio,,,
482,2015-12-15,PacBio,,,
483,2015-12-14,MiSeq,,,
484,2015-12-17,MiSeq,0,PE250,0
485,2015-12-23,HiSeq2500,1606598106,SR125,200
486,2016-01-15,HiSeq2500,1338968317,SR125,167
487,2015-12-22,PacBio,,,
488,2016-02-04,HiSeq2500,2545463062,PE125,318
489,2016-01-04,PacBio,,,
490,2016-01-04,PacBio,,,
491,2016-03-22,HiSeq4000,5733541908,PE150,860
492,2016-01-11,MiSeq,0,PE300,0
493,2016-01-11,PacBio,,,
494,2016-01-12,PacBio,,,
495,2016-01-14,MiSeq,,,
496,2016-01-14,MiSeq,,,
497,2016-01-28,HiSeq2500,1046318417,SR125,130
498,2016-01-19,PacBio,,,
499,2016-01-19,NextSeq,66534858,PE75,4
500,2016-01-21,PacBio,,,
501,2016-01-22,MiSeq,,,
502,2016-01-22,MiSeq,,,
503,2016-01-22,MiSeq,,,
504,2016-01-22,HiSeq4000,4441065240,PE150,666
505,2016-01-26,PacBio,,,
506,2016-01-26,PacBio,,,
507,2016-01-26,MiSeq,,,
509,0000-00-00,HiSeq2500,2830923578,PE125,353
510,2016-01-28,MiSeq,0,PE300,0
512,2016-02-01,PacBio,,,
513,2016-02-10,HiSeq2500,1530364903,SR125,191
518,2016-02-18,HiSeq2500,2919419088,PE125,364
519,2016-02-04,MiSeq,,,
520,2016-02-04,MiSeq,,,
521,2016-02-19,HiSeq2500,1070034966,SR125,133
522,2016-02-05,MiSeq,,,
523,2016-02-08,PacBio,,,
524,2016-02-09,MiSeq,0,PE150,0
526,2016-02-09,MiSeq,,,
527,2016-02-10,HiSeq2500,0,PE125,0
528,2016-02-11,PacBio,,,
529,2016-02-11,MiSeq,0,PE150,0
530,2016-02-15,PacBio,,,
531,2016-02-16,PacBio,,,
534,2016-02-22,MiSeq,,,
536,2016-02-23,PacBio,,,
537,2016-02-26,HiSeq2500,1449169208,SR125,181
539,2016-03-10,HiSeq2500,1844670222,SR125,230
540,2016-02-26,MiSeq,,,
541,2016-02-26,PacBio,,,
542,2016-02-29,MiSeq,0,PE150,0
543,2016-03-23,HiSeq2500,946972050,SR125,118
545,2016-03-02,PacBio,,,
546,2016-03-02,MiSeq,,,
548,2016-04-05,HiSeq4000,5816766440,PE150,872
549,2016-03-08,PacBio,,,
551,2019-10-24,HiSeq4000,,,
552,2016-03-23,HiSeq2500,2511614680,PE125,313
553,2016-03-14,NextSeq,152885090,PE75,11
554,2016-03-15,PacBio,,,
556,2016-03-17,MiSeq,0,PE300,0
557,2016-03-19,HiSeq2500,1692635903,SR125,211
559,2016-03-18,NextSeq,587702882,SR150,88
560,2016-03-20,NextSeq,949523136,SR150,142
561,2016-03-21,MiSeq,,,
562,2016-03-22,PacBio,,,
564,2016-04-04,HiSeq2500,1463280398,SR125,182
565,2016-03-23,MiSeq,,,
566,2016-03-24,HiSeq4000,2346821090,SR125,293
567,2016-04-05,HiSeq4000,5561450636,PE150,834
568,2016-03-29,PacBio,,,
569,2016-03-31,MiSeq,,,
570,2016-04-20,HiSeq4000,5722701760,PE125,715
571,2016-05-06,HiSeq4000,2441637949,SR125,305
572,2016-04-10,HiSeq2500,1537082531,SR125,192
573,2016-04-04,MiSeq,,,
574,2016-04-06,PacBio,,,
575,2016-04-06,PacBio,,,
576,2016-04-07,PacBio,,,
577,0000-00-00,MiSeq,,,
578,2016-04-11,MiSeq,,,
580,2016-04-20,HiSeq2500,972834849,SR125,121
581,2016-04-20,HiSeq2500,2959254604,PE125,369
582,2016-04-13,MiSeq,,,
583,2016-04-15,NextSeq,378881462,SR150,56
584,2016-04-18,PacBio,,,
585,2016-05-17,HiSeq2500,2868690786,PE125,358
586,2016-05-25,HiSeq4000,4980356588,PE150,747
587,2016-05-17,HiSeq2500,1434999554,SR125,179
588,2016-04-21,MiSeq,0,PE300,0
589,2016-04-21,PacBio,,,
591,2016-04-25,PacBio,,,
592,2016-04-27,NextSeq,,,
593,2016-05-03,PacBio,,,
594,2016-05-03,MiSeq,0,PE300,0
595,2016-05-03,MiSeq,0,PE300,0
596,2016-05-09,PacBio,,,
597,2016-05-10,NextSeq,83300357,PE75,6
598,2016-05-10,MiSeq,,,
599,2016-05-11,PacBio,,,
600,2016-05-18,HiSeq4000,2632660670,SR125,329
601,2016-05-26,HiSeq2500,1431311763,SR125,178
602,2016-05-15,MiSeq,,,
603,2016-05-17,PacBio,,,
604,2016-06-17,HiSeq4000,1858224974,SR125,232
605,2016-06-24,HiSeq4000,0,PE150,0
606,2016-05-19,MiSeq,,,
607,2016-05-20,MiSeq,0,PE300,0
609,2016-05-24,PacBio,,,
610,2016-05-26,PacBio,,,
611,2016-06-03,HiSeq4000,5571038464,PE150,835
612,2016-05-30,PacBio,,,
613,2016-05-30,PacBio,,,
614,2016-05-31,MiSeq,0,PE300,0
615,2016-06-03,MiSeq,0,PE300,0
616,2016-06-06,MiSeq,0,PE300,0
617,2016-06-10,HiSeq2500,1429948354,SR125,178
618,2016-06-10,HiSeq4000,6109712360,PE150,916
619,2016-06-07,PacBio,,,
620,2016-06-10,HiSeq4000,5723085168,PE75,429
621,2016-06-10,MiSeq,,,
622,2016-06-22,HiSeq4000,2771789272,SR125,346
623,2016-06-14,PacBio,,,
624,2016-06-15,MiSeq,,,
625,2016-06-16,MiSeq,,,
626,2016-06-29,HiSeq4000,2915476062,SR125,364
627,2016-06-21,PacBio,,,
628,2016-06-21,PacBio,,,
629,2016-06-21,NextSeq,78440080,PE75,5
630,2016-07-22,HiSeq4000,6050827606,PE75,453
631,2016-08-04,HiSeq2500,2318795236,PE125,289
632,2016-06-24,MiSeq,,,
633,2016-07-13,HiSeq4000,2939144309,SR125,367
634,2016-07-11,HiSeq4000,6106845458,PE150,916
635,2016-06-30,MiSeq,0,PE250,0
636,2016-07-01,NextSeq,355874136,PE150,53
638,2016-07-04,PacBio,,,
640,2016-07-07,MiSeq,,,
641,2016-07-14,HiSeq2500,1641064547,SR125,205
643,2016-07-08,MiSeq,0,PE300,0
644,2016-07-08,MiSeq,,,
645,2016-07-08,MiSeq,,,
646,2016-07-22,HiSeq4000,3048153405,SR125,381
647,2016-07-12,PacBio,,,
649,2016-07-18,NextSeq,377059629,PE150,56
651,2016-08-16,HiSeq4000,2871951138,PE150,430
652,2016-07-22,MiSeq,,,
653,2016-07-22,MiSeq,,,
654,2016-07-24,NextSeq,387107866,SR75,29
655,2016-08-16,HiSeq4000,1775091669,SR125,221
656,2016-07-25,MiSeq,,,
657,2016-07-25,NextSeq,550156269,SR75,41
658,2016-07-25,PacBio,,,
660,2016-08-13,HiSeq2500,1623787315,SR125,202
661,2016-07-27,NextSeq,410156678,SR75,30
662,2016-07-27,NextSeq,0,SR75,0
663,2016-07-28,MiSeq,0,PE150,0
664,2016-08-02,NextSeq,524860864,SR75,39
666,2016-08-06,HiSeq4000,2491696111,SR125,311
668,2016-08-05,MiSeq,0,PE300,0
670,2016-08-08,PacBio,,,
671,2016-08-09,NextSeq,109215437,PE75,8
673,0216-09-21,HiSeq4000,0,PE150,0
674,2016-08-12,MiSeq,0,PE300,0
676,2016-08-16,NextSeq,363303422,SR75,27
677,2016-08-16,MiSeq,0,PE300,0
678,2016-10-21,HiSeq2500,502180524,PE250,125
679,2016-09-21,HiSeq2500,813098580,PE125,101
680,2016-09-21,HiSeq2500,765944172,PE125,95
682,2016-09-05,HiSeq4000,2809758835,SR125,351
683,2016-08-19,HiSeq2500,3276682926,PE125,409
684,2016-08-16,MiSeq,0,PE300,0
685,2016-08-22,PacBio,,,
686,2016-08-22,PacBio,,,
687,2016-08-22,MiSeq,,,
688,2016-08-25,HiSeq4000,4866457038,PE150,729
689,2016-08-31,HiSeq2500,2013639722,PE125,251
690,2016-08-25,PacBio,,,
691,2016-08-25,MiSeq,,,
692,2016-09-21,HiSeq2500,1865729954,SR125,233
693,2016-08-26,PacBio,,,
694,2016-08-26,NextSeq,257478038,SR150,38
695,2016-08-29,MiSeq,,,
696,2016-08-29,MiSeq,,,
697,2016-08-30,NextSeq,232374368,SR75,17
698,2016-08-31,PacBio,,,
699,2016-09-22,HiSeq4000,1729713992,SR125,216
700,2016-09-01,MiSeq,,,
701,2016-09-02,MiSeq,,,
702,2016-09-05,PacBio,,,
703,2016-09-06,MiSeq,0,PE300,0
704,2016-09-06,MiSeq,,,
705,2016-09-06,MiSeq,,,
707,2016-09-06,MiSeq,,,
708,2016-09-06,MiSeq,,,
709,2016-09-06,MiSeq,,,
710,2016-09-06,MiSeq,0,PE300,0
711,2016-09-07,HiSeq2500,0,PE125,0
712,2016-09-15,HiSeq4000,3045184655,SR125,380
713,2016-09-12,PacBio,,,
714,2016-09-14,NextSeq,351358780,PE150,52
715,2016-09-14,PacBio,,,
716,2016-09-26,HiSeq2500,230396042,SR125,28
717,2016-09-30,HiSeq2500,296182512,PE150,44
718,2016-09-26,HiSeq2500,389735265,SR70,27
719,2016-09-19,MiSeq,,,
720,2016-09-19,PacBio,,,
721,2016-09-20,MiSeq,,,
722,2016-09-20,MiSeq,0,PE250,0
723,2016-10-11,HiSeq2500,337970525,SR70,23
724,2016-09-20,MiSeq,,,
725,2016-09-21,NextSeq,24536546,PE75,1
726,2016-11-04,HiSeq2500,3155985,SR125,0
727,2016-10-20,HiSeq4000,5544270604,PE150,831
728,2016-09-26,PacBio,,,
729,2016-09-26,PacBio,,,
731,2016-09-29,HiSeq4000,206003352,PE150,30
732,2016-09-28,NextSeq,537910493,SR75,40
733,2015-10-24,HiSeq4000,3057121252,SR125,382
734,2016-09-30,PacBio,,,
736,2016-10-13,HiSeq2500,340518780,PE125,42
737,2016-10-25,HiSeq2500,357480141,SR70,25
738,2016-10-05,PacBio,,,
743,2016-10-13,PacBio,,,
744,2016-10-13,PacBio,,,
745,2016-10-14,PacBio,,,
746,2016-10-18,HiSeq4000,6203679500,PE150,930
747,2016-10-15,HiSeq4000,4750961238,PE150,712
751,2016-10-19,HiSeq2500,1517741544,SR125,189
753,2016-10-18,PacBio,,,
754,2016-10-20,PacBio,,,
756,2016-10-28,HiSeq2500,279587830,SR125,34
757,2016-11-04,HiSeq2500,212114260,PE125,26
758,2016-10-25,PacBio,,,
759,2016-11-03,HiSeq4000,2950849771,SR125,368
760,2016-11-16,HiSeq2500,182505742,SR70,12
761,2016-11-01,HiSeq2500,441181572,PE125,55
762,2016-11-04,HiSeq2500,336274918,SR125,42
763,2016-10-28,MiSeq,,,
764,2016-10-28,MiSeq,,,
766,2016-11-16,HiSeq2500,,,
767,2016-11-21,HiSeq4000,2984070382,SR125,373
768,2016-11-28,HiSeq2500,784353464,PE125,98
769,2016-11-10,HiSeq2500,2256106310,PE125,282
770,2016-11-10,HiSeq2500,362261067,SR125,45
772,2016-11-10,HiSeq2500,790788628,PE125,98
774,2016-11-17,HiSeq2500,521650376,PE125,65
776,2016-12-09,HiSeq2500,265909916,SR125,33
777,2016-11-08,MiSeq,,,
778,2016-11-08,MiSeq,,,
779,2016-11-14,PacBio,,,
780,2016-11-23,HiSeq4000,2902175763,SR125,362
781,2016-11-14,NextSeq,109208143,PE75,8
782,2016-11-15,MiSeq,,,
783,2016-11-15,PacBio,,,
784,2016-11-15,MiSeq,,,
785,2016-12-09,HiSeq4000,5358238956,PE150,803
786,2016-11-18,MiSeq,0,PE250,0
787,2016-11-18,MiSeq,,,
790,2016-11-23,MiSeq,,,
791,2016-11-23,PacBio,,,
792,2016-11-24,MiSeq,0,PE150,0
793,2016-11-25,NextSeq,325032815,PE150,48
794,2016-11-25,MiSeq,0,PE300,0
795,2016-12-02,HiSeq2500,82600456,PE125,10
796,2016-11-28,MiSeq,,,
797,2016-12-15,HiSeq4000,3228410664,SR125,403
798,2016-11-28,MiSeq,0,PE300,0
799,2016-11-28,PacBio,,,
800,2016-12-09,HiSeq2500,219204829,SR125,27
801,2016-11-29,NextSeq,377818828,PE150,56
802,2016-12-02,HiSeq2500,317032673,SR125,39
803,2016-12-06,HiSeq2500,0,SR125,0
804,2016-12-20,HiSeq2500,606960414,PE125,75
805,2016-12-15,HiSeq4000,4964110510,PE150,744
806,2017-01-13,HiSeq4000,2357859817,SR125,294
807,2016-12-02,NextSeq,428014542,PE150,64
808,2016-12-15,HiSeq2500,524782666,PE150,78
809,2016-12-02,MiSeq,,,
810,2016-12-02,MiSeq,0,PE300,0
811,2016-12-03,PacBio,,,
812,2016-12-15,HiSeq2500,402692116,PE250,100
813,2016-12-05,HiSeq2500,2743713718,PE125,342
814,2016-12-05,MiSeq,0,SR50,0
815,2016-12-06,NextSeq,153714408,PE75,11
816,2016-12-08,PacBio,,,
817,2016-12-08,NextSeq,192921852,SR150,28
818,2016-12-08,NextSeq,266765189,PE75,20
819,2016-12-08,NextSeq,346763462,SR75,26
820,2016-12-08,NextSeq,512854418,SR75,38
821,2016-12-08,NextSeq,386812524,SR75,29
822,2016-12-09,MiSeq,0,PE300,0
823,2016-12-10,PacBio,,,
825,2016-12-13,PacBio,,,
826,2016-12-22,HiSeq2500,327384431,SR125,40
827,2017-01-23,HiSeq2500,2992144900,PE125,374
828,2017-01-20,HiSeq2500,1499958850,SR125,187
829,2016-12-22,HiSeq4000,4548359116,PE150,682
832,2016-12-20,PacBio,,,
833,2017-02-03,HiSeq4000,5921871034,PE150,888
834,2016-12-21,PacBio,,,
836,2016-12-24,PacBio,,,
837,2017-01-03,PacBio,,,
838,2017-01-03,PacBio,,,
839,2017-01-03,PacBio,,,
840,2017-01-09,HiSeq2500,779271428,PE150,116
844,2017-01-06,MiSeq,0,PE300,0
845,2017-01-10,MiSeq,,,
846,2017-01-10,PacBio,,,
848,2017-01-10,MiSeq,,,
850,2017-01-20,HiSeq4000,2921895611,SR125,365
851,2017-01-16,PacBio,,,
852,2017-01-19,HiSeq2500,1434434004,SR125,179
853,2017-01-19,HiSeq4000,3019741687,SR125,377
855,2017-01-27,HiSeq4000,4933535700,PE150,740
856,2017-02-09,HiSeq4000,0,SR125,0
857,2017-01-25,HiSeq2500,1578793644,SR125,197
859,2017-01-23,PacBio,,,
860,2017-02-15,HiSeq2500,2951359324,PE125,368
861,2017-02-08,HiSeq2500,118326133,SR125,14
863,2017-02-06,HiSeq2500,353694578,SR70,24
864,2017-02-07,HiSeq4000,6033050304,PE150,904
866,2017-02-06,HiSeq2500,402234104,PE250,100
867,2017-02-21,HiSeq2500,225663666,SR125,28
868,2017-01-31,MiSeq,,,
869,2017-01-31,MiSeq,,,
870,2017-01-31,MiSeq,,,
871,2017-01-31,MiSeq,,,
872,2017-01-31,MiSeq,,,
873,2017-03-17,HiSeq4000,5944037910,PE150,891
874,2017-02-06,MiSeq,,,
875,2017-02-07,NextSeq,155294147,PE75,11
876,2017-02-07,PacBio,,,
877,2017-02-14,HiSeq4000,2931566085,SR125,366
879,2017-02-21,HiSeq2500,451752628,PE150,67
880,2017-02-10,MiSeq,,,
881,2017-02-13,HiSeq4000,3059227569,SR125,382
883,2017-02-14,MiSeq,0,PE150,0
884,2017-02-14,MiSeq,,,
885,2017-02-28,HiSeq4000,3178474630,SR125,397
886,2017-03-17,HiSeq4000,2980571349,SR125,372
887,2017-02-17,HiSeq2500,409746671,SR70,28
888,2017-02-17,MiSeq,,,
889,2017-02-20,NextSeq,493145411,SR75,36
890,2017-02-22,HiSeq2500,220079157,SR70,15
891,2017-02-20,MiSeq,,,
892,2017-02-21,NextSeq,570575312,SR75,42
893,2017-02-21,MiSeq,,,
894,2017-02-23,HiSeq2500,515971192,PE150,77
895,2017-02-22,NextSeq,592215840,SR75,44
896,2017-02-23,HiSeq2500,135190,PE125,0
897,2017-02-23,MiSeq,,,
898,2017-02-23,NextSeq,537911757,SR75,40
900,2017-02-24,MiSeq,,,
901,2017-02-24,NextSeq,538368739,SR75,40
902,2017-03-04,HiSeq2500,442302348,SR70,30
903,2017-02-27,NextSeq,400005487,SR75,30
904,2017-02-28,NextSeq,192138514,SR150,28
905,2017-02-28,PacBio,,,
906,2017-03-06,HiSeq2500,769817470,PE150,115
908,2017-03-09,HiSeq2500,409656517,SR70,28
910,2017-03-28,HiSeq2500,2866548446,PE125,358
911,2017-03-06,PacBio,,,
912,2017-03-06,PacBio,,,
913,2017-03-09,HiSeq2500,435181930,SR70,30
914,2017-03-09,HiSeq4000,2528862312,SR125,316
915,2017-03-09,MiSeq,,,
916,2017-03-09,MiSeq,,,
917,2017-04-12,HiSeq4000,5466872114,PE150,820
919,2017-03-20,HiSeq2500,3216724982,PE125,402
922,2017-03-13,MiSeq,,,
923,2017-03-13,MiSeq,,,
924,2017-03-13,MiSeq,,,
925,2017-03-13,MiSeq,,,
926,2017-03-13,NextSeq,176930293,PE75,13
927,2017-03-21,HiSeq2500,53474593,SR70,3
928,2017-04-12,HiSeq2500,1632278546,SR125,204
929,2017-03-14,MiSeq,,,
931,2017-03-21,HiSeq2500,148781764,SR125,18
932,2017-03-16,MiSeq,0,PE250,0
933,2017-03-16,MiSeq,0,PE300,0
934,2017-03-19,PacBio,,,
935,2017-03-24,HiSeq2500,94304198,SR70,6
936,2017-03-22,MiSeq,,,
937,2017-03-22,MiSeq,,,
938,2017-03-22,PacBio,,,
939,2017-03-22,MiSeq,,,
940,2017-03-22,NextSeq,278616954,PE150,41
941,2017-03-23,MiSeq,,,
942,2017-03-24,NextSeq,365025023,SR75,27
943,2017-03-27,NextSeq,697341214,PE75,52
944,2017-03-27,PacBio,,,
945,2017-03-29,NextSeq,376759860,SR75,28
946,2017-03-29,PacBio,,,
947,2017-03-30,NextSeq,24302254,SR150,3
950,2017-04-05,HiSeq2500,610271470,PE125,76
951,2017-04-11,HiSeq4000,5479723498,PE150,821
952,2017-04-04,NextSeq,160745272,PE75,12
953,2017-04-05,NextSeq,0,PE150,0
954,2017-04-06,MiSeq,,,
955,2017-04-06,MiSeq,,,
956,2017-04-07,PacBio,,,
961,2017-04-16,HiSeq2500,518719036,PE250,129
962,2017-04-21,HiSeq2500,689520880,PE250,172
963,2017-04-07,NextSeq,116936938,PE75,8
964,2017-04-21,HiSeq4000,3043494136,SR125,380
965,2017-04-25,HiSeq2500,3595665258,PE125,449
966,2017-04-25,HiSeq4000,5111942276,PE150,766
967,2017-05-08,HiSeq2500,1015220412,PE125,126
968,2017-04-11,MiSeq,,,
970,2017-05-08,HiSeq2500,2863558038,PE125,357
971,2017-04-13,HiSeq2500,395938208,PE250,98
972,2017-04-21,HiSeq4000,0,SR125,0
973,2017-04-27,HiSeq4000,3197931258,SR125,399
974,2017-05-07,HiSeq4000,3108375829,SR125,388
975,2017-05-02,HiSeq4000,11267487,SR125,1
976,2017-04-26,HiSeq2500,1408484013,SR125,176
977,2017-05-10,HiSeq4000,4870740676,PE150,730
978,2017-05-17,HiSeq2500,1429240592,SR125,178
979,2017-04-20,MiSeq,,,
980,2017-04-21,NextSeq,213525866,PE150,32
981,2017-05-10,HiSeq4000,2693497407,SR125,336
982,2017-04-25,NextSeq,147228475,PE150,22
984,2017-04-27,Sequel,,,
985,2017-04-27,MiSeq,,,
986,2017-05-26,HiSeq2500,3062697396,PE125,382
987,2017-05-15,HiSeq4000,3132328454,SR125,391
988,2017-04-28,Sequel,,,
989,2017-06-01,HiSeq4000,3013999299,SR125,376
990,0000-00-00,HiSeq2500,,,
991,2017-05-02,PacBio,,,
992,2017-05-02,MiSeq,,,
993,2017-05-02,MiSeq,,,
994,2017-05-10,HiSeq2500,370154080,SR70,25
995,2017-05-07,HiSeq4000,3145063876,SR125,393
998,2017-05-08,Sequel,,,
999,2017-05-22,HiSeq4000,4518789610,PE150,677
1000,2017-05-09,MiSeq,,,
1001,2017-05-09,MiSeq,,,
1002,2017-05-09,MiSeq,,,
1003,2017-05-09,NextSeq,172735400,PE75,12
1006,0000-00-00,HiSeq2500,0,PE125,0
1007,2017-05-15,MiSeq,,,
1008,2017-05-15,PacBio,,,
1009,2017-05-29,HiSeq4000,5500523830,PE150,825
1010,2017-05-17,Sequel,,,
1011,2017-05-17,Sequel,,,
1012,2017-05-17,NextSeq,297401708,SR150,44
1013,2017-05-18,HiSeq2500,509154236,PE150,76
1016,2017-05-22,PacBio,,,
1017,2017-06-06,HiSeq4000,1917076794,SR125,239
1019,2017-06-04,HiSeq2500,1164093081,SR125,145
1020,2017-06-21,HiSeq4000,4441324904,PE150,666
1021,2017-05-24,NextSeq,152501016,SR150,22
1022,2017-06-20,HiSeq4000,2197009138,SR125,274
1023,2017-06-16,HiSeq4000,2918223381,SR125,364
1024,2017-05-29,MiSeq,0,PE300,0
1025,2017-05-29,NextSeq,372068951,SR75,27
1026,2017-05-30,NextSeq,291298112,SR75,21
1027,0000-00-00,MiSeq,,,
1028,2017-05-31,MiSeq,,,
1029,2017-05-31,MiSeq,,,
1030,2017-06-01,MiSeq,0,PE300,0
1031,2017-06-06,PacBio,,,
1032,2017-06-06,PacBio,,,
1033,2017-06-11,HiSeq2500,485871500,PE150,72
1035,2017-06-10,HiSeq2500,306594648,SR125,38
1036,2017-06-08,Sequel,,,
1037,2017-06-13,HiSeq2500,520862804,PE150,78
1039,2017-06-13,HiSeq2500,252247496,SR125,31
1040,2017-06-15,HiSeq2500,567648184,PE125,70
1041,2017-06-08,MiSeq,,,
1042,0000-00-00,Sequel,,,
1043,2017-06-09,NextSeq,364967536,SR75,27
1044,2017-06-12,NextSeq,311960149,SR75,23
1045,2017-06-13,NextSeq,422685087,SR75,31
1047,2017-06-23,HiSeq2500,319091877,SR70,22
1048,2017-06-14,MiSeq,,,
1049,2017-06-29,HiSeq4000,2784327115,SR125,348
1050,2017-06-15,HiSeq2500,258420204,SR125,32
1051,2017-07-03,HiSeq4000,4582403098,PE150,687
1052,2017-06-16,MiSeq,,,
1053,2017-06-21,Sequel,,,
1054,2017-06-21,Sequel,,,
1055,2017-06-21,PacBio,,,
1056,2017-06-26,HiSeq2500,0,SR125,0
1057,2017-06-26,NextSeq,166525862,PE150,24
1058,2017-06-26,HiSeq2500,439696518,PE150,65
1059,2017-06-26,HiSeq2500,0,SR125,0
1060,2017-07-19,HiSeq4000,3108768030,SR125,388
1061,2017-07-03,HiSeq2500,738093022,PE75,55
1062,2017-07-03,HiSeq2500,315545836,SR125,39
1063,2017-06-27,NextSeq,112592634,PE75,8
1064,0000-00-00,HiSeq4000,0,PE150,0
1065,2017-06-29,PacBio,,,
1066,2017-06-29,MiSeq,,,
1067,2017-06-30,MiSeq,,,
1068,2017-06-30,NextSeq,160055754,SR150,24
1069,2017-07-04,MiSeq,0,PE300,0
1070,2017-07-05,NextSeq,171427030,SR150,25
1072,2017-07-06,MiSeq,,,
1075,2017-07-07,NextSeq,420590538,SR75,31
1076,2017-07-07,HiSeq4000,4217411778,PE150,632
1077,2017-07-11,HiSeq4000,1911324128,PE150,286
1078,2017-08-04,HiSeq4000,3034167424,SR125,379
1079,2017-07-12,PacBio,,,
1080,2017-08-04,HiSeq2500,151591964,SR125,18
1081,2017-07-20,HiSeq2500,1103772748,SR125,137
1082,2017-07-14,MiSeq,,,
1084,2017-07-17,PacBio,,,
1085,2017-07-17,MiSeq,,,
1086,2017-07-19,MiSeq,,,
1087,2017-07-20,Sequel,,,
1088,2017-07-31,HiSeq2500,173376646,PE250,43
1089,2017-08-04,HiSeq2500,551630944,PE75,41
1090,2017-07-24,NextSeq,530172879,SR75,39
1091,0000-00-00,HiSeq2500,0,SR125,0
1092,2017-07-26,Sequel,,,
1093,2017-07-26,Sequel,,,
1094,2017-07-27,NextSeq,552823787,SR75,41
1095,2017-07-28,MiSeq,,,
1096,2017-07-28,HiSeq2500,,,
1097,2017-08-28,HiSeq2500,0,PE26,0
1098,2017-08-01,HiSeq2500,123742661,SR125,15
1099,2017-08-11,HiSeq4000,5533162400,PE150,829
1100,2017-07-31,MiSeq,0,PE150,0
1101,2017-07-31,PacBio,,,
1102,2017-07-31,PacBio,,,
1104,2017-08-30,HiSeq2500,408881332,PE125,51
1105,2017-08-02,PacBio,,,
1108,2017-08-03,NextSeq,1125248618,SR75,84
1109,2017-08-03,PacBio,,,
1110,2017-08-07,HiSeq2500,358445071,SR70,25
1111,2017-08-07,HiSeq2500,375552443,SR70,26
1112,2017-08-04,MiSeq,,,
1113,2017-08-04,NextSeq,465996846,SR75,34
1114,2017-08-04,Sequel,,,
1115,2017-08-17,HiSeq2500,402757331,SR125,50
1117,2017-08-08,Sequel,,,
1118,2017-08-09,HiSeq2500,238460702,SR125,29
1119,2017-07-20,HiSeq2500,375322898,PE250,93
1121,2017-08-09,HiSeq2500,488862912,PE150,73
1122,2017-08-10,HiSeq2500,246461377,SR125,30
1123,2017-08-21,HiSeq4000,2361327729,SR125,295
1124,2017-08-25,HiSeq2500,1880042256,PE125,235
1125,2017-08-21,HiSeq4000,4936857960,PE150,740
1126,2017-08-10,PacBio,,,
1127,2017-08-15,MiSeq,,,
1128,2017-08-10,MiSeq,,,
1129,2017-08-31,HiSeq2500,241381378,SR125,30
1130,2017-08-11,HiSeq2500,182663245,SR125,22
1131,2017-09-10,HiSeq4000,6173825278,PE150,926
1132,2017-08-16,PacBio,,,
1133,2017-08-17,MiSeq,,,
1134,2017-08-17,MiSeq,,,
1135,2017-09-01,HiSeq4000,2604573987,SR125,325
1136,2017-08-29,HiSeq2500,0,PE26,0
1137,2017-08-21,Sequel,,,
1138,2017-08-21,MiSeq,,,
1139,2017-08-21,MiSeq,,,
1140,2017-08-28,HiSeq4000,5044598628,PE150,756
1142,2017-08-22,NextSeq,405588400,PE150,60
1143,2017-09-13,HiSeq2500,342618652,PE250,85
1144,2017-08-25,PacBio,,,
1145,2017-08-30,HiSeq4000,2443207518,SR125,305
1146,2017-10-07,HiSeq2500,1230073333,SR125,153
1148,2017-08-29,PacBio,,,
1149,2017-09-18,HiSeq4000,5890640974,PE150,883
1151,2017-08-30,MiSeq,,,
1152,2017-08-30,MiSeq,,,
1153,2017-08-31,MiSeq,,,
1154,2017-08-31,MiSeq,,,
1155,2017-08-31,MiSeq,0,PE250,0
1156,2017-09-21,HiSeq4000,2833215984,SR125,354
1157,2017-09-08,HiSeq2500,399944028,PE125,49
1158,2017-09-12,HiSeq2500,123809036,PE125,15
1159,2017-09-01,MiSeq,,,
1160,2017-09-04,MiSeq,,,
1161,2017-09-08,HiSeq2500,380920086,PE250,95
1164,2017-09-07,PacBio,,,
1165,2017-09-28,HiSeq2500,2645680570,PE125,330
1166,2017-09-11,PacBio,,,
1167,2017-09-12,NextSeq,296040472,PE150,44
1168,2017-09-13,MiSeq,,,
1169,2017-09-13,MiSeq,,,
1170,2017-09-13,Sequel,,,
1171,2017-09-25,HiSeq2500,341917012,PE250,85
1172,2017-08-08,HiSeq2500,166084944,SR125,20
1173,2016-10-05,HiSeq4000,1913180513,SR125,239
1174,2017-10-26,HiSeq2500,580751270,PE150,87
1175,2017-09-21,NextSeq,,,
1176,2017-09-25,PacBio,,,
1177,2017-09-27,PacBio,,,
1178,2017-09-27,NextSeq,313075626,PE150,46
1179,2017-09-27,PacBio,,,
1180,2017-09-27,MiSeq,,,
1182,2017-10-31,HiSeq2500,543302448,PE150,81
1183,2017-10-16,HiSeq2500,586589706,PE250,146
1184,2017-10-11,HiSeq4000,2915604396,SR125,364
1185,2017-10-31,HiSeq4000,5275214628,PE150,791
1186,2017-10-05,PacBio,,,
1188,2017-10-10,MiSeq,,,
1189,2017-10-25,HiSeq2500,0,PE26,0
1190,0000-00-00,HiSeq2500,0,PE26,0
1191,2017-10-11,HiSeq2500,389287452,PE26,10
1192,2017-10-25,HiSeq2500,1301646642,SR125,162
1193,2017-10-11,PacBio,,,
1195,2017-10-12,MiSeq,,,
1196,2017-10-12,MiSeq,0,PE300,0
1197,2017-10-25,HiSeq4000,2929543795,SR125,366
1198,2017-11-01,HiSeq4000,2659341652,SR125,332
1199,2017-10-17,MiSeq,,,
1200,2017-11-09,HiSeq2500,930,PE150,0
1201,2017-10-20,MiSeq,,,
1202,2017-10-23,Sequel,,,
1203,2017-10-23,Sequel,,,
1204,2017-11-06,HiSeq2500,0,PE26,0
1205,2017-10-27,HiSeq4000,3095916544,SR125,386
1206,2017-11-10,HiSeq4000,2793050166,SR125,349
1208,2017-11-07,HiSeq4000,690674758,PE75,51
1209,2017-10-24,Sequel,,,
1210,2017-10-24,NextSeq,590656,SR75,0
1211,2017-10-25,NextSeq,419615732,SR75,31
1212,2017-10-25,PacBio,,,
1213,2017-10-26,NextSeq,1039557196,PE150,155
1214,2017-10-26,NextSeq,371207025,SR75,27
1215,2017-11-16,HiSeq4000,4972974528,PE150,745
1216,2017-11-03,HiSeq2500,2647940086,PE75,198
1217,2017-10-30,NextSeq,127977728,PE75,9
1218,2017-11-10,HiSeq4000,2032498538,SR125,254
1219,2017-10-31,Sequel,,,
1220,2017-11-01,MiSeq,,,
1221,2017-11-03,NextSeq,897245116,PE75,67
1222,2017-11-14,HiSeq2500,1554538405,SR125,194
1223,2017-11-06,PacBio,,,
1225,2017-11-21,HiSeq2500,662372084,PE75,49
1229,2017-11-06,Sequel,,,
1230,2017-11-17,HiSeq2500,278746004,SR125,34
1231,2017-11-09,NextSeq,172474080,SR150,25
1232,2017-11-23,HiSeq2500,0,PE26,0
1233,2017-11-21,HiSeq2500,0,PE150,0
1234,2017-11-10,HiSeq2500,2938394414,PE125,367
1235,2017-11-18,HiSeq2500,334612613,SR125,41
1236,2017-11-28,HiSeq2500,1172094688,SR125,146
1237,2017-11-13,MiSeq,,,
1238,2017-11-16,HiSeq4000,4976923186,PE150,746
1239,2017-11-13,PacBio,,,
1240,2017-11-24,HiSeq2500,383259390,PE250,95
1241,2017-11-13,NextSeq,89556686,SR150,13
1242,2017-11-23,HiSeq4000,2962733638,SR125,370
1243,2017-12-05,HiSeq4000,5155153548,PE150,773
1244,2017-11-14,MiSeq,,,
1246,2017-11-15,MiSeq,,,
1247,2017-11-15,MiSeq,,,
1248,2017-11-15,Sequel,,,
1249,2017-12-07,HiSeq2500,741816287,SR125,92
1250,2017-11-15,NextSeq,562828435,SR75,42
1251,2017-11-16,NextSeq,138126742,SR150,20
1252,2017-11-25,HiSeq4000,2972804401,SR125,371
1253,2017-11-17,NextSeq,521400885,SR75,39
1254,2017-11-17,Sequel,,,
1255,2017-11-30,HiSeq4000,2757189220,SR150,413
1256,2017-11-23,Sequel,,,
1257,2017-12-06,HiSeq4000,5278174688,PE150,791
1258,2017-11-24,NextSeq,186488780,SR150,27
1259,2017-11-24,PacBio,,,
1260,2017-11-26,MiSeq,,,
1261,2017-11-26,NextSeq,358425525,SR75,26
1262,2017-11-27,NextSeq,320506103,SR75,24
1263,2017-12-12,HiSeq2500,481327619,SR125,60
1264,2017-11-27,MiSeq,,,
1265,2017-11-27,HiSeq2500,281440644,PE150,42
1266,2017-11-29,HiSeq4000,5175874278,PE150,776
1267,2017-11-28,MiSeq,,,
1268,2017-11-28,NextSeq,0,SR75,0
1269,2017-11-29,MiSeq,0,PE300,0
1270,2017-12-08,HiSeq4000,2274929975,SR125,284
1271,2017-11-30,Sequel,,,
1272,2017-12-01,MiSeq,,,
1273,2017-12-07,HiSeq2500,1310453739,SR125,163
1275,2017-12-04,PacBio,,,
1276,2017-12-17,HiSeq4000,2883102039,SR125,360
1277,2017-12-06,Sequel,,,
1278,2017-12-06,MiSeq,0,PE250,0
1279,2017-12-06,MiSeq,0,PE250,0
1280,2017-12-19,HiSeq2500,1897598280,PE125,237
1281,2017-12-06,PacBio,,,
1283,2017-12-06,NextSeq,17209060,PE150,2
1284,2017-12-07,NextSeq,521870481,SR75,39
1286,2017-12-08,HiSeq2500,845472740,SR125,105
1287,2017-12-19,HiSeq4000,5791984202,PE150,868
1288,2017-12-18,HiSeq4000,5105221082,PE150,765
1289,2018-01-24,HiSeq2500,550609860,PE250,137
1290,2018-01-24,HiSeq2500,549374404,PE250,137
1291,2017-12-10,MiSeq,,,
1292,2017-12-10,MiSeq,,,
1293,2017-12-11,NextSeq,400523464,SR75,30
1294,2017-12-12,Sequel,,,
1295,2017-12-06,HiSeq2500,,,
1296,2017-12-13,MiSeq,,,
1297,2017-12-14,Sequel,,,
1298,0000-00-00,PacBio,,,
1299,2017-12-14,MiSeq,,,
1300,2017-12-14,HiSeq2500,2874529460,PE150,431
1301,2018-01-09,HiSeq2500,289395162,PE125,36
1302,2018-01-25,HiSeq4000,5044757850,PE150,756
1303,2017-12-22,HiSeq4000,2891696075,SR125,361
1306,2017-12-18,PacBio,,,
1307,2017-12-22,HiSeq4000,1952496818,SR125,244
1308,2017-12-19,NextSeq,797838412,PE75,59
1309,2017-12-19,MiSeq,0,PE150,0
1310,2017-12-19,MiSeq,,,
1311,2017-12-20,NextSeq,626139930,PE75,46
1313,2017-12-21,PacBio,,,
1314,2017-12-21,PacBio,,,
1315,2017-12-21,MiSeq,0,PE300,0
1316,2017-12-21,NextSeq,733532174,PE75,55
1317,2018-01-03,MiSeq,,,
1318,2018-01-08,MiSeq,,,
1319,2018-02-02,HiSeq4000,2277899712,SR125,284
1320,2018-01-17,NextSeq,216769478,PE75,16
1321,2018-01-17,MiSeq,,,
1322,2018-01-17,NextSeq,453954093,SR75,34
1323,2018-02-06,HiSeq2500,67642811,SR125,8
1324,2018-01-19,MiSeq,,,
1325,2018-01-23,MiSeq,,,
1327,2018-01-24,Sequel,,,
1328,2018-01-25,NextSeq,347097565,PE75,26
1329,2018-02-13,HiSeq4000,5157287350,PE150,773
1330,2018-01-25,MiSeq,,,
1331,2018-01-26,Sequel,,,
1332,2018-01-26,MiSeq,0,PE300,0
1333,2018-01-29,HiSeq2500,233362045,SR70,16
1334,2018-01-31,HiSeq2500,301020172,SR70,21
1335,2018-01-29,MiSeq,,,
1336,2018-01-29,NextSeq,301250366,PE150,45
1337,2018-02-02,HiSeq2500,2474153274,PE125,309
1338,2018-01-30,NextSeq,307112473,PE75,23
1339,2018-01-30,PacBio,,,
1340,2018-01-31,MiSeq,0,PE250,0
1341,2018-01-31,NextSeq,293304501,SR75,21
1342,2018-02-02,MiSeq,0,PE250,0
1343,2018-02-02,MiSeq,0,PE250,0
1344,2018-02-08,HiSeq4000,3069441448,SR125,383
1345,2018-02-05,MiSeq,,,
1346,2018-02-15,HiSeq4000,2255635188,SR125,281
1347,2018-02-23,HiSeq2500,637096310,PE125,79
1348,2018-03-07,HiSeq4000,5267395070,PE150,790
1349,2018-02-07,MiSeq,,,
1350,2018-02-07,MiSeq,,,
1351,2018-02-07,MiSeq,,,
1352,2018-02-13,HiSeq2500,256863028,SR125,32
1353,2018-02-21,HiSeq4000,2259131946,SR125,282
1355,2018-02-09,Others,,,
1356,2018-02-09,Sequel,,,
1357,2018-02-19,HiSeq2500,267168402,SR125,33
1358,2018-02-13,HiSeq2500,275390372,SR125,34
1359,2018-02-13,PacBio,,,
1360,2018-02-13,NextSeq,146755590,SR150,22
1362,2018-02-14,MiSeq,,,
1363,2018-02-14,MiSeq,,,
1364,2018-02-15,NextSeq,854545674,PE150,128
1365,2018-03-01,HiSeq4000,2979115820,SR125,372
1366,2018-02-16,MiSeq,,,
1367,2018-02-19,Sequel,,,
1368,2018-03-20,HiSeq4000,2245804382,PE150,336
1369,2018-02-20,NextSeq,496280346,PE150,74
1370,2018-02-20,MiSeq,,,
1372,2018-02-21,MiSeq,0,PE300,0
1374,2018-02-22,NextSeq,951950714,SR150,142
1375,2018-02-22,NextSeq,153280898,PE150,22
1376,2018-03-01,HiSeq2500,193358093,SR125,24
1377,2018-03-13,HiSeq4000,4080966872,PE150,612
1379,2018-02-27,HiSeq2500,485081978,PE250,121
1380,2018-02-23,NextSeq,,,
1382,2018-02-27,HiSeq2500,443987464,PE125,55
1383,2018-02-28,HiSeq2500,471817986,PE125,58
1384,2018-03-05,HiSeq2500,621646952,PE125,77
1385,2018-03-05,HiSeq2500,637052966,PE125,79
1386,2018-02-25,Sequel,,,
1387,2018-03-06,HiSeq2500,668619452,PE125,83
1388,2018-02-26,NextSeq,127779289,SR150,19
1390,2018-03-14,HiSeq2500,187808875,SR125,23
1392,2018-03-29,HiSeq4000,3286990798,PE150,493
1394,2018-02-28,PacBio,,,
1395,2018-03-01,MiSeq,0,PE300,0
1396,2018-03-02,MiSeq,,,
1397,2018-03-19,HiSeq2500,1422067403,SR125,177
1398,2018-03-02,NextSeq,462503220,SR75,34
1399,2018-03-16,HiSeq4000,4572893070,PE150,685
1400,2018-03-05,PacBio,,,
1403,2018-03-20,HiSeq4000,2792094101,SR125,349
1404,2018-03-13,HiSeq4000,2991884307,SR125,373
1405,2018-03-14,HiSeq2500,196274480,PE75,14
1406,2018-03-15,HiSeq2500,287125180,PE75,21
1407,2018-03-07,PacBio,,,
1409,2018-03-07,NextSeq,792813624,PE150,118
1410,2018-02-09,Others,56133288,PE150,8
1411,2018-03-08,Sequel,,,
1412,2018-03-08,MiSeq,,,
1414,2018-03-23,HiSeq2500,829355498,SR125,103
1416,2018-03-09,MiSeq,,,
1417,2018-04-03,HiSeq2500,768480572,PE26,19
1418,2018-03-12,NextSeq,79422529,PE150,11
1420,2018-03-14,MiSeq,,,
1421,2018-03-14,NextSeq,306861928,SR150,46
1422,2018-03-15,Sequel,,,
1424,2018-03-15,NextSeq,566096090,PE75,42
1426,2018-03-16,MiSeq,,,
1427,2018-03-16,MiSeq,,,
1428,2018-03-20,Others,49883188,PE150,7
1429,2018-03-21,Sequel,,,
1430,2018-03-29,HiSeq4000,2756104403,SR125,344
1431,2018-03-22,NextSeq,369573583,SR75,27
1432,2018-03-22,MiSeq,0,PE250,0
1433,2018-04-03,HiSeq2500,249524514,SR70,17
1434,2018-03-27,HiSeq2500,252562143,SR70,17
1435,2018-04-10,HiSeq4000,6204852488,PE75,465
1436,2018-04-06,HiSeq4000,6056791906,PE75,454
1437,2018-03-23,MiSeq,,,
1438,2018-03-23,NextSeq,967913350,PE150,145
1439,2018-04-17,HiSeq4000,2948605503,SR125,368
1440,2018-03-27,Sequel,,,
1441,2018-03-27,MiSeq,,,
1442,2018-03-28,PacBio,,,
1443,2018-04-11,HiSeq2500,,,
1444,2018-03-29,MiSeq,,,
1445,2018-04-27,HiSeq4000,5540227512,PE150,831
1446,2018-03-29,MiSeq,,,
1447,2018-04-03,PacBio,,,
1448,2018-04-03,MiSeq,,,
1449,2018-04-03,MiSeq,,,
1450,2018-04-03,MiSeq,,,
1451,2018-04-04,PacBio,,,
1452,2018-04-05,NextSeq,966949368,PE150,145
1453,2018-04-05,NovaSeq,6110909242,PE150,916
1454,2018-05-03,HiSeq4000,3018598644,SR125,377
1455,2018-04-06,Sequel,,,
1456,2018-05-06,NovaSeq,7577883778,PE150,1136
1457,2018-04-09,Sequel,,,
1458,2018-04-20,HiSeq2500,2099452018,PE125,262
1459,2018-04-09,MiSeq,,,
1460,2018-04-10,NextSeq,320071822,PE75,24
1462,2018-04-11,Sequel,,,
1463,2018-04-12,NextSeq,908808114,PE75,68
1466,2018-04-30,HiSeq4000,4732876774,PE75,354
1467,2018-04-12,PacBio,,,
1468,2018-04-13,NextSeq,1082039452,PE150,162
1469,2018-05-08,HiSeq4000,6350184558,PE75,476
1470,2018-04-13,NextSeq,930644042,PE75,69
1471,2018-05-18,HiSeq4000,6439826692,PE75,482
1472,2018-04-16,MiSeq,,,
1474,2018-04-16,NextSeq,348841897,SR75,26
1476,2018-05-17,HiSeq2500,368474031,SR70,25
1477,2018-05-22,HiSeq2500,357931722,SR70,25
1478,2018-04-17,NextSeq,1188878964,PE150,178
1479,2018-04-17,Sequel,,,
1480,2018-04-18,NextSeq,0,SR75,0
1481,2018-04-19,MiSeq,,,
1482,2018-04-20,NextSeq,792139108,PE150,118
1483,2018-04-23,Sequel,,,
1484,2018-04-23,Sequel,,,
1485,2018-04-23,Sequel,,,
1486,2018-04-23,NextSeq,284647145,SR75,21
1487,2018-04-24,MiSeq,,,
1488,2018-04-24,Sequel,,,
1489,2018-04-25,MiSeq,0,PE300,0
1491,2018-05-11,HiSeq4000,1134961333,SR125,141
1493,2018-04-26,PacBio,,,
1494,2018-04-26,NextSeq,163520,PE150,0
1495,2018-04-27,NextSeq,1021886078,PE150,153
1496,2018-04-27,NextSeq,,,
1497,2018-04-27,MiSeq,,,
1498,2018-04-27,MiSeq,,,
1499,2018-05-25,HiSeq2500,43413048,SR125,5
1500,2018-04-30,NextSeq,908446526,PE150,136
1501,2018-05-22,HiSeq2500,526631366,PE125,65
1502,2018-06-07,NovaSeq,3401014006,PE26,88
1505,2018-05-03,HiSeq2500,203867796,SR125,25
1506,2018-05-02,NextSeq,620092950,PE150,93
1507,2018-05-02,Sequel,,,
1508,2018-05-23,HiSeq4000,5024726418,PE150,753
1509,2018-05-07,HiSeq2500,2025415,SR125,0
1510,2018-05-04,NextSeq,626608618,PE75,46
1511,2018-05-04,MiSeq,,,
1512,2018-05-09,HiSeq2500,655574036,PE26,17
1513,2018-05-17,HiSeq2500,19249100,PE75,1
1515,2018-05-31,HiSeq2500,127256751,SR125,15
1516,2018-05-09,HiSeq2500,44609956,SR125,5
1517,2018-05-08,NextSeq,292699958,PE150,43
1518,2018-05-09,Sequel,,,
1519,2018-05-09,NextSeq,874100094,PE150,131
1520,2018-05-14,NextSeq,55373900,PE150,8
1522,2018-06-01,HiSeq4000,2671855226,SR125,333
1523,2018-05-16,Sequel,,,
1524,2018-05-18,HiSeq4000,2330257880,SR125,291
1525,2018-06-01,HiSeq4000,5847120712,PE150,877
1526,2018-06-06,NovaSeq,2225438632,PE26,57
1527,2018-06-05,NovaSeq,4154505967,SR100,415
1528,2018-05-18,NextSeq,13435168,PE150,2
1529,2018-06-04,HiSeq2500,424002246,PE26,11
1530,2018-05-31,HiSeq2500,520411684,PE26,13
1531,2018-05-23,NextSeq,370902108,SR75,27
1532,2018-05-24,MiSeq,,,
1533,2018-05-24,NextSeq,1015009,SR75,0
1534,2018-05-24,PacBio,,,
1535,2018-05-25,MiSeq,,,
1536,2018-06-07,HiSeq4000,2343091689,SR125,292
1537,2018-06-05,HiSeq2500,1500989243,SR125,187
1538,2018-06-12,HiSeq2500,704402846,PE150,105
1539,2018-06-13,HiSeq2500,602214900,PE150,90
1540,2018-06-08,HiSeq2500,1361098702,SR125,170
1541,2018-05-29,GridION,,,
1542,2018-05-29,GridION,,,
1543,0000-00-00,GridION,,,
1544,2018-05-29,GridION,,,
1545,2018-05-29,GridION,,,
1546,2018-05-29,GridION,,,
1547,2018-05-29,NextSeq,179744168,SR150,26
1548,2018-05-29,Sequel,,,
1549,2018-05-30,NextSeq,1047078090,PE75,78
1550,2018-06-15,HiSeq2500,1148539898,SR125,143
1551,2018-06-11,HiSeq2500,380271414,PE75,28
1552,2018-06-15,HiSeq4000,3161151416,SR125,395
1553,2018-05-31,MiSeq,0,PE300,0
1554,2018-06-13,NovaSeq,4016791549,SR100,401
1555,2018-06-27,HiSeq4000,6147499568,PE150,922
1557,2018-06-15,HiSeq2500,1415099094,SR125,176
1558,2018-06-05,HiSeq2500,1671364248,SR70,116
1559,2018-06-12,HiSeq4000,3140301387,SR125,392
1560,2018-06-04,NextSeq,31101927,SR150,4
1561,2018-06-11,HiSeq2500,326365146,PE75,24
1562,2018-06-08,NovaSeq,8785107608,PE150,1317
1564,2018-06-05,Sequel,,,
1566,2018-06-08,MiSeq,,,
1567,2018-06-25,HiSeq4000,2987394792,SR125,373
1568,2018-06-12,NextSeq,675065686,PE150,101
1569,2018-06-13,PacBio,,,
1570,2018-06-19,HiSeq4000,3017836468,SR125,377
1574,2018-06-27,MiSeq,,,
1575,2018-06-18,Sequel,,,
1576,2018-06-18,NextSeq,,,
1577,2018-06-20,GridION,,,
1578,2018-07-05,HiSeq2500,1170792803,SR125,146
1579,2018-06-21,HiSeq2500,725598850,PE26,18
1580,2018-06-21,NextSeq,325179590,PE150,48
1581,2018-06-21,GridION,,,
1582,2018-06-21,MiSeq,,,
1583,2018-06-26,NextSeq,164268777,SR150,24
1584,2018-06-27,PacBio,,,
1585,2018-07-13,HiSeq4000,3101982944,SR125,387
1586,2018-07-11,NovaSeq,3748895932,PE150,562
1587,2018-06-29,MiSeq,0,PE300,0
1588,2018-06-29,NextSeq,1001400396,PE150,150
1589,2018-07-25,NovaSeq,4268008972,SR100,426
1590,2018-07-17,HiSeq4000,6149297302,PE150,922
1593,2018-07-03,NextSeq,656795240,PE150,98
1594,2018-07-03,NextSeq,6460666,PE150,0
1595,2018-07-03,MiSeq,0,PE250,0
1596,2018-07-12,NovaSeq,3831771702,SR100,383
1597,2018-08-06,NovaSeq,4024799063,SR100,402
1599,2018-08-30,HiSeq2500,1336961820,PE125,167
1600,2018-07-19,HiSeq2500,338681684,SR125,42
1601,2018-07-04,NextSeq,934107752,PE150,140
1602,2018-07-05,Sequel,,,
1608,2018-07-06,NextSeq,667089552,PE150,100
1609,2018-07-06,Others,14863707,,
1613,2018-07-06,NextSeq,925468228,PE150,138
1614,2018-07-09,MiSeq,,,
1615,2018-07-10,NextSeq,571782072,PE150,85
1616,2018-07-26,HiSeq4000,1830325275,SR125,228
1617,2018-07-11,MiSeq,,,
1618,2018-07-12,Sequel,,,
1619,2018-07-12,NextSeq,346212164,PE75,25
1621,2018-07-13,NextSeq,18724418,SR75,1
1622,2018-07-30,HiSeq4000,4221347522,PE150,633
1623,2018-08-24,NovaSeq,3819408290,PE150,572
1624,2018-07-13,MiSeq,,,
1626,2018-07-16,NextSeq,297719076,SR75,22
1627,2018-07-17,NextSeq,294883541,SR75,22
1628,2018-07-17,MiSeq,0,PE250,0
1629,2018-07-17,MiSeq,0,PE300,0
1631,2018-07-18,Sequel,,,
1632,2018-07-19,MiSeq,,,
1633,2018-07-20,NextSeq,472454839,SR75,35
1634,2018-07-20,NextSeq,8503848,PE150,1
1635,2018-07-23,Sequel,,,
1636,2018-07-31,HiSeq2500,1371987707,SR125,171
1637,2018-07-24,NovaSeq,4173632844,PE26,108
1638,2018-07-24,MiSeq,0,PE300,0
1639,2018-07-24,MiSeq,0,PE300,0
1640,2018-08-07,HiSeq4000,2976491274,SR125,372
1641,2018-08-17,HiSeq4000,3523477490,PE150,528
1642,2018-08-13,HiSeq2500,1031187038,SR125,128
1643,2018-07-27,MiSeq,,,
1645,2018-07-30,Others,22221554,,
1646,2018-07-31,PacBio,,,
1656,2018-08-10,HiSeq4000,3129603090,SR125,391
1657,2018-08-06,PacBio,,,
1660,2018-08-07,MiSeq,0,PE300,0
1661,2018-09-13,HiSeq4000,3565036102,PE150,534
1662,2018-08-09,Others,24377248,PE75,1
1663,2018-08-09,Sequel,,,
1664,2018-08-09,MiSeq,,,
1665,2018-08-10,Others,32466596,,
1666,2018-08-10,Others,27233506,,
1678,2018-08-10,NextSeq,243628332,PE150,36
1681,2018-08-29,HiSeq4000,2888843277,SR125,361
1684,2018-08-14,Others,42927272,PE150,6
1685,2018-08-15,Sequel,,,
1687,2018-08-16,MiSeq,,,
1689,2018-08-24,HiSeq4000,3146295112,SR125,393
1690,2018-08-22,HiSeq2500,1060198844,SR125,132
1691,2018-08-17,NextSeq,302514728,PE150,45
1692,2018-08-17,Sequel,,,
1695,2018-08-21,Sequel,,,
1697,2018-08-29,NovaSeq,1943548151,SR100,194
1698,2018-08-27,NovaSeq,1234662136,SR100,123
1699,2018-08-22,Others,27897364,,
1700,2018-08-22,MiSeq,0,PE150,0
1701,2018-08-24,Others,29415922,,
1702,2018-08-24,MiSeq,0,PE300,0
1703,2018-09-05,HiSeq2500,1563237332,SR125,195
1705,2018-08-28,Others,35121382,,
1706,2018-08-28,MiSeq,0,PE300,0
1708,2018-09-05,HiSeq2500,1616045869,SR70,113
1709,2018-08-28,NextSeq,249311456,PE150,37
1710,2018-08-30,PacBio,,,
1711,2018-08-30,Others,22243586,,
1713,2018-09-04,HiSeq4000,4544269974,PE75,340
1714,2018-08-31,MiSeq,,,
1717,2018-09-20,HiSeq2500,1049502102,SR125,131
1718,2018-09-14,NovaSeq,8486440920,PE26,220
1719,2018-09-04,NextSeq,51472338,SR75,3
1720,2018-09-05,NextSeq,359835913,SR75,26
1721,2018-09-06,NextSeq,456800148,PE150,68
1722,2018-09-10,MiSeq,0,PE300,0
1725,2018-09-10,GridION,,,
1726,2018-09-10,GridION,,,
1727,2018-09-10,GridION,,,
1730,2018-09-11,MiSeq,,,
1731,2018-09-11,Others,28015348,,
1732,2018-09-11,NextSeq,65836820,PE75,4
1733,2018-10-05,NovaSeq,1931864211,SR100,193
1734,2018-09-20,HiSeq2500,1538997710,SR125,192
1737,2018-09-17,NovaSeq,1796828642,SR100,179
1738,2018-09-25,NovaSeq,2076245360,SR100,207
1739,2018-09-13,NextSeq,761844910,PE150,114
1740,2018-09-13,Others,36335692,,
1742,2018-09-19,MiSeq,0,PE75,0
1743,2018-09-14,PacBio,,,
1745,2018-09-14,PacBio,,,
1747,2018-09-14,NovaSeq,9126454512,PE26,237
1748,2018-09-17,Sequel,,,
1750,2018-09-17,NextSeq,309208790,SR150,46
1751,2018-09-28,HiSeq2500,0,SR125,0
1752,2018-09-18,NextSeq,273975345,SR75,20
1753,2018-09-19,NextSeq,970081708,PE26,25
1754,2018-09-21,HiSeq4000,2632446213,SR125,329
1755,2018-09-20,NextSeq,518059852,PE150,77
1756,2018-10-15,HiSeq2500,1101667648,SR125,137
1757,2018-09-25,HiSeq2500,309725366,PE125,38
1758,2018-09-20,MiSeq,0,PE300,0
1759,2018-09-21,MiSeq,,,
1760,2018-09-24,PacBio,,,
1761,2018-09-24,NextSeq,282537592,SR75,21
1763,2018-09-25,NextSeq,866797988,PE75,65
1764,2018-09-27,NovaSeq,2005111793,SR100,200
1765,2018-09-26,NextSeq,1100045834,PE75,82
1766,2018-11-09,HiSeq4000,1745769800,SR125,218
1767,2018-10-05,NovaSeq,3262461942,PE150,489
1768,2018-09-28,MiSeq,,,
1769,2018-09-28,NextSeq,854514266,PE150,128
1770,2018-10-01,NextSeq,792437268,PE150,118
1771,2018-10-01,Sequel,,,
1772,2018-10-02,PacBio,,,
1773,2018-10-02,NextSeq,805096290,PE26,20
1774,2018-10-02,NextSeq,,,
1775,2018-10-02,NextSeq,153646827,SR150,23
1776,2018-10-03,Sequel,,,
1778,2018-10-03,MiSeq,0,PE300,0
1779,2018-09-17,HiSeq2500,1346916129,SR125,168
1781,2018-10-10,HiSeq2500,529536630,PE75,39
1782,2018-10-03,NextSeq,379593551,SR150,56
1783,2018-10-15,NovaSeq,1651783486,SR100,165
1784,2018-10-05,NextSeq,902757168,PE150,135
1785,2018-10-05,Sequel,,,
1786,2018-10-08,Others,25305722,PE100,2
1787,2018-10-08,NextSeq,654890546,PE150,98
1788,2018-10-09,NextSeq,701805112,PE150,105
1789,2018-10-10,NovaSeq,4212160692,PE26,109
1790,2018-10-10,MiSeq,0,PE300,0
1791,2018-10-10,MiSeq,,,
1792,2018-10-10,MiSeq,,,
1793,2018-10-11,Others,9114093,,
1794,2018-10-25,NovaSeq,1699316438,SR100,169
1795,2018-10-11,NextSeq,657584230,PE150,98
1796,2018-11-12,HiSeq2500,968046828,SR125,121
1797,2018-10-16,NextSeq,735014870,PE75,55
1798,2018-10-17,NextSeq,602961376,PE150,90
1799,2018-10-17,PacBio,,,
1800,2018-10-19,NextSeq,1145469406,PE26,29
1801,2018-11-14,NovaSeq,3995024002,PE150,599
1802,2018-10-23,NextSeq,564275720,PE150,84
1803,2018-10-31,HiSeq2500,1933218386,PE75,144
1804,2018-10-23,Others,20257554,,
1806,2018-10-25,MiSeq,,,
1807,2018-10-25,MiSeq,,,
1808,2018-10-25,NovaSeq,3942261536,PE26,102
1809,2018-10-26,Sequel,,,
1810,2018-10-31,HiSeq2500,,,
1811,2018-10-26,PacBio,,,
1812,2018-11-07,NovaSeq,1966276783,SR100,196
1813,2018-10-26,MiSeq,0,PE300,0
1814,2018-10-29,Sequel,,,
1815,2018-10-29,MiSeq,,,
1816,2018-10-29,NextSeq,48756442,SR150,7
1817,2018-12-06,HiSeq2500,1190769971,SR70,83
1818,2018-11-21,HiSeq2500,817807079,SR125,102
1819,2018-11-01,NextSeq,114301201,SR150,17
1820,2018-11-01,PacBio,,,
1821,2018-11-01,Others,30588212,,
1822,2018-11-02,NovaSeq,4001454414,PE26,104
1823,2018-11-06,NextSeq,358710522,PE150,53
1824,2018-11-07,MiSeq,,,
1825,2018-11-07,Others,35481566,,
1826,2018-12-07,HiSeq4000,4572711152,PE150,685
1828,2018-11-09,Sequel,,,
1831,2018-11-14,NovaSeq,1699130696,SR100,169
1832,2018-11-09,NovaSeq,2017368351,SR100,201
1833,2018-11-09,Others,31242512,,
1834,2018-11-12,MiSeq,0,PE300,0
1835,2018-11-13,Others,23694726,PE100,2
1836,2018-11-13,NextSeq,732508298,PE75,54
1837,2018-11-15,NovaSeq,8669852804,PE26,225
1839,2018-11-26,NovaSeq,3911553232,PE150,586
1840,2018-11-14,NextSeq,744639502,PE150,111
1841,2018-11-14,Others,34170798,,
1842,2018-11-21,MiSeq,0,PE75,0
1843,2018-11-15,MiSeq,,,
1844,2018-11-15,MiSeq,0,PE300,0
1847,2018-11-20,NovaSeq,1932309803,SR100,193
1848,2018-11-16,NextSeq,314068994,PE150,47
1849,2018-11-20,NovaSeq,8751343386,PE26,227
1850,2018-11-22,NovaSeq,2001130233,SR100,200
1851,2018-12-05,NovaSeq,1937330307,SR100,193
1852,2018-11-28,HiSeq2500,1173764708,SR125,146
1854,2018-11-19,Others,29136530,,
1855,2018-11-19,NextSeq,157070699,SR150,23
1856,2018-11-28,NovaSeq,3917280946,PE150,587
1857,2018-11-21,NextSeq,1004634850,PE75,75
1858,2018-11-21,MiSeq,0,PE75,0
1860,2018-11-22,NextSeq,292729900,PE75,21
1861,2018-11-28,NovaSeq,1412890391,SR100,141
1862,2018-11-26,MiSeq,0,PE150,0
1863,2018-12-14,NovaSeq,20726221698,PE150,3108
1864,2018-11-21,Others,0,,
1866,2018-12-05,MiSeq,,,
1867,2018-11-27,NovaSeq,3981312210,PE26,103
1869,2018-11-28,NextSeq,122498589,SR150,18
1870,2018-11-28,Others,5088630,,
1871,2018-11-29,NextSeq,1029133336,PE75,77
1872,2018-12-19,HiSeq2500,1765909994,PE75,132
1873,2018-11-29,MiSeq,,,
1874,2018-11-29,Sequel,,,
1875,2018-12-04,Others,38474248,SR75,2
1876,2018-11-30,NovaSeq,8710892036,PE26,226
1878,2018-11-30,Others,33753064,,
1879,2018-12-03,MiSeq,,,
1880,2018-12-03,Others,23818828,,
1881,2018-12-03,Others,14521130,PE100,1
1882,2018-12-04,Sequel,,,
1883,2018-12-04,Sequel,,,
1885,2018-12-05,NextSeq,204946830,PE150,30
1886,2018-12-07,HiSeq4000,,,
1887,2018-12-05,MiSeq,,,
1888,2018-12-05,PacBio,,,
1890,2018-12-05,NextSeq,312631996,PE150,46
1892,2018-12-06,NovaSeq,8754637898,PE26,227
1893,2018-12-19,HiSeq2500,0,SR125,0
1894,2018-12-10,Others,6783016,,
1895,2018-12-10,MiSeq,,,
1896,2018-12-10,Others,3213960,,
1897,2018-12-13,HiSeq4000,,,
1898,2018-12-10,Others,8707056,,
1900,2018-12-11,Others,0,,
1901,2018-12-12,PacBio,,,
1903,2018-12-21,HiSeq4000,2768305346,PE150,415
1905,2018-12-20,NovaSeq,8904646854,PE28,249
1906,2018-12-17,NovaSeq,4162816006,PE26,108
1907,2018-12-13,MiSeq,0,PE300,0
1908,2019-01-17,NovaSeq,3113649782,PE150,467
1909,2018-12-14,NovaSeq,2653030119,SR100,265
1910,2018-12-14,Others,0,PE100,0
1912,2019-01-25,HiSeq2500,911168502,SR125,113
1913,2018-12-17,Sequel,,,
1914,2018-12-17,Sequel,,,
1915,2018-12-19,HiSeq4000,,,
1916,2018-12-20,NovaSeq,1891441438,SR100,189
1918,2018-12-19,PacBio,,,
1919,2019-01-10,Others,1708856,,
1920,2018-12-20,Sequel,,,
1921,2018-12-20,Sequel,,,
1922,2018-12-11,Others,7190880,,
1923,2018-12-14,Others,15398728,PE100,1
1924,2019-01-03,Sequel,,,
1925,2019-01-11,Others,35696,,
1926,2019-01-08,Others,7676200,,
1929,2019-01-09,Others,9044276,,
1930,2019-01-09,Sequel,,,
1931,2019-01-10,HiSeq2500,1191870212,SR125,148
1932,2019-01-17,HiSeq2500,249501970,PE75,18
1933,2019-01-21,NovaSeq,1642188952,SR100,164
1934,2019-01-11,NovaSeq,4254040610,PE26,110
1936,2019-01-11,Sequel,,,
1937,2019-01-14,Others,,,
1940,2019-01-15,Others,33209286,,
1941,2019-01-15,MiSeq,0,PE150,0
1942,2019-01-15,Others,449956,,
1944,2019-01-16,Others,28634290,,
1945,2019-01-16,MiSeq,,,
1946,2019-01-16,MiSeq,0,PE300,0
1947,2019-02-21,NovaSeq,2375110760,PE150,356
1948,2019-01-17,NovaSeq,1796987990,SR100,179
1949,2019-01-25,NovaSeq,3841582318,PE150,576
1950,2019-01-28,NovaSeq,1810654298,SR100,181
1951,2019-01-21,NovaSeq,1364625052,SR100,136
1952,2019-01-22,NovaSeq,4173683358,PE100,417
1953,2019-01-21,PacBio,,,
1954,2019-01-21,NextSeq,558477062,PE75,41
1955,2019-01-21,MiSeq,0,PE150,0
1957,2019-01-23,NextSeq,600586198,PE150,90
1958,2019-01-23,HiSeq2500,665636252,PE75,49
1959,2019-01-24,Others,0,SR75,0
1960,2019-02-18,NovaSeq,0,PE150,0
1961,2019-01-24,Others,36821756,PE75,2
1962,2019-01-25,Sequel,,,
1963,2019-01-25,Others,9000406,,
1964,2019-01-28,Others,8482600,,
1965,2019-01-28,NovaSeq,2158348987,SR100,215
1966,2019-01-24,Others,17985284,PE100,1
1967,2019-01-29,MiSeq,0,PE150,0
1972,2019-01-30,HiSeq2500,0,PE75,0
1973,2019-01-30,Others,7086202,,
1975,2019-01-31,Others,25543382,,
1976,2019-01-31,MiSeq,0,PE300,0
1977,2019-02-01,NovaSeq,4021569648,PE28,112
1978,2019-02-26,NovaSeq,3934097634,PE150,590
1979,2019-02-13,HiSeq2500,782931996,SR125,97
1980,2019-02-04,NovaSeq,1919616360,SR100,191
1981,2019-02-04,Others,6204374,,
1983,2019-02-04,Others,8707060,,
1984,2019-02-05,MiSeq,0,PE300,0
1985,2019-03-01,HiSeq2500,522468582,SR125,65
1986,2019-02-07,HiSeq2500,605283070,PE75,45
1987,2019-02-11,Others,350264,,
1988,2019-02-11,PacBio,,,
1989,2019-02-11,PacBio,,,
1990,2019-02-14,NovaSeq,,,
1991,2019-02-12,NovaSeq,4164865050,PE26,108
1992,2019-03-04,NovaSeq,1910109239,SR100,191
1993,2019-02-13,NovaSeq,3799440966,PE28,106
1995,2019-02-13,NextSeq,246373246,PE150,36
1996,2019-02-14,NovaSeq,8492904990,PE28,237
1997,2019-03-08,HiSeq2500,620903932,SR125,77
1998,2019-02-14,Sequel,,,
1999,2019-02-15,NextSeq,994060394,PE150,149
2000,2019-02-15,NovaSeq,3949936011,SR100,394
2001,2019-02-15,Others,7629768,,
2002,2019-02-18,Others,7229444,,
2003,2019-02-18,Others,7969356,,
2004,2019-02-19,NextSeq,856858494,PE75,64
2005,2019-01-24,NovaSeq,4222905266,PE150,633
2008,2019-02-20,NextSeq,840060124,PE75,63
2010,2019-03-08,NovaSeq,7739825886,PE150,1160
2011,2019-02-20,NovaSeq,708093487,SR100,70
2012,2019-02-20,NovaSeq,994324202,SR100,99
2013,2019-02-21,NextSeq,230084814,PE75,17
2014,2019-02-21,NextSeq,453834225,PE75,34
2020,2019-02-21,NovaSeq,8745731258,PE28,244
2021,2019-02-21,NovaSeq,1739213199,SR100,173
2023,2019-02-22,Others,80216688,PE75,6
2024,2019-02-22,PacBio,,,
2025,2019-02-25,Others,0,,
2027,2019-02-25,Others,9358774,,
2028,2019-02-26,MiSeq,0,PE300,0
2029,2019-02-28,NovaSeq,3725012118,PE28,104
2030,2019-02-26,NextSeq,4449847,SR150,0
2031,2019-02-27,MiSeq,,,
2032,2019-02-28,NovaSeq,24368618464,PE150,3655
2033,2019-02-27,MiSeq,0,PE150,0
2034,2019-02-27,Others,49664734,PE150,7
2035,2019-02-27,Sequel,,,
2037,2019-02-28,Others,29805818,,
2038,2019-03-01,Sequel,,,
2039,2019-03-01,NextSeq,300289954,PE75,22
2041,2019-03-04,NovaSeq,22408877710,PE150,3361
2042,2019-03-05,Others,,,
2043,2019-03-05,NextSeq,362853688,PE150,54
2044,2019-03-06,NovaSeq,1576938322,PE150,236
2045,2019-03-14,HiSeq4000,1794221506,PE150,269
2048,2019-03-13,HiSeq2500,0,SR125,0
2051,2019-03-07,MiSeq,0,PE250,0
2054,2019-03-07,MiSeq,0,PE300,0
2055,2019-03-08,NextSeq,,,
2056,2019-03-08,NextSeq,0,SR75,0
2057,2019-03-08,MiSeq,,,
2060,2019-03-21,NovaSeq,924321648,SR100,92
2061,2019-03-19,HiSeq2500,1086644257,SR125,135
2062,2019-03-05,Others,,,
2064,2019-03-11,NovaSeq,4008815880,PE28,112
2067,2019-03-08,MiSeq,,,
2068,2019-03-08,MiSeq,,,
2069,2019-03-12,MiSeq,0,PE250,0
2070,2019-03-05,Others,8234422,,
2071,2019-03-13,NovaSeq,6520288290,PE28,182
2072,2019-03-15,Others,8882434,,
2073,2019-03-19,Others,8889530,,
2074,2019-03-13,Others,25716574,,
2075,2019-03-20,MiSeq,,,
2076,2019-04-08,HiSeq2500,820563051,SR125,102
2077,2019-03-15,Sequel,,,
2078,2019-03-15,NextSeq,93233420,PE75,6
2079,2019-03-18,NextSeq,465486598,PE150,69
2081,2019-03-19,HiSeq2500,1104309951,SR125,138
2082,2019-03-18,Others,80459170,PE150,12
2084,2019-03-19,NovaSeq,1930879772,SR100,193
2085,2019-03-07,MiSeq,0,PE300,0
2086,2019-03-19,NextSeq,331340324,PE150,49
2087,2019-03-20,Others,1134098,,
2088,2019-03-20,Sequel,,,
2089,2019-03-20,Others,5117264,,
2090,2019-03-20,Others,8406396,,
2091,2019-03-21,NovaSeq,7422238524,PE28,207
2092,2019-04-04,HiSeq2500,2430932018,PE75,182
2093,2019-03-21,NextSeq,338208660,PE75,25
2094,2019-03-21,MiSeq,0,PE300,0
2095,2019-03-21,PacBio,,,
2096,2019-03-26,NextSeq,0,PE75,0
2098,2019-03-26,Others,6564646,,
2099,2019-03-26,MiSeq,,,
2100,2019-03-20,Others,8822916,,
2101,2019-03-28,NovaSeq,1989426681,SR100,198
2102,2019-03-29,NextSeq,344047576,PE75,25
2103,2019-03-29,NovaSeq,7001383356,PE28,196
2106,2019-04-02,NovaSeq,1858985301,SR100,185
2107,2019-04-12,Others,3539336,,
2108,2019-04-02,NextSeq,,,
2109,2019-04-03,NovaSeq,2036830212,PE28,57
2110,2019-04-18,HiSeq2500,766209451,SR125,95
2112,2019-04-04,Others,0,PE100,0
2113,2019-04-04,NovaSeq,1999327440,PE150,299
2114,2019-04-05,NextSeq,,,
2120,2019-04-17,NovaSeq,914039156,PE150,137
2122,2019-04-09,Others,0,,
2123,2019-04-09,Others,8110522,,
2124,2019-04-10,Sequel,,,
2126,2019-04-15,Others,3176582,,
2127,2019-04-11,NovaSeq,977824975,SR100,97
2128,2019-04-11,NovaSeq,897681834,SR100,89
2129,2019-04-11,MiSeq,0,PE300,0
2130,2019-04-11,Others,9921768,,
2131,2019-04-12,PacBio,,,
2132,2019-05-03,HiSeq2500,878670725,SR125,109
2133,2019-04-16,NovaSeq,4306692580,PE28,120
2134,2019-04-16,NovaSeq,8918067616,PE28,249
2137,2019-04-26,NovaSeq,972533684,SR100,97
2139,2019-04-17,Others,9878934,,
2140,2019-04-26,NovaSeq,2139314959,SR100,213
2142,2019-04-29,NovaSeq,0,PE26,0
2143,2019-04-23,NovaSeq,7450182092,PE28,208
2144,2019-04-24,NovaSeq,7703561942,PE28,215
2145,2019-04-29,NovaSeq,6730025348,PE28,188
2146,2019-05-07,NovaSeq,7936040998,PE28,222
2147,2019-05-07,NovaSeq,8240212958,PE28,230
2148,2019-04-23,NovaSeq,925666791,SR100,92
2150,2019-04-23,MiSeq,0,PE150,0
2151,2019-04-24,NovaSeq,8339957486,PE150,1250
2152,2019-05-09,Others,10137304,,
2154,2019-04-25,NextSeq,764229802,PE75,57
2155,2019-04-26,Others,9594948,,
2157,2019-04-16,NovaSeq,,,
2158,2019-05-02,Others,24010828,PE75,1
2159,2019-05-17,HiSeq2500,3545520538,PE75,265
2160,2019-05-10,NovaSeq,2025332340,SR100,202
2161,2019-05-02,NovaSeq,2033285010,PE150,304
2162,2019-04-30,Others,1944158,,
2163,2019-04-30,NextSeq,828616188,PE75,62
2164,2019-05-08,NovaSeq,2118100599,SR100,211
2165,2019-05-02,NovaSeq,6484203058,PE150,972
2166,2019-05-06,Others,0,,
2170,2019-05-06,NovaSeq,1132855155,SR100,113
2171,2019-05-17,NovaSeq,338152348,PE150,50
2174,2019-05-03,HiSeq2500,1015993030,SR125,126
2175,2019-05-08,Others,10028606,,
2176,2019-05-06,NextSeq,146014017,SR150,21
2177,2019-05-07,Others,9118274,,
2178,2019-05-15,NovaSeq,2007049129,SR100,200
2179,2019-05-08,Others,,,
2180,2019-05-08,Sequel,,,
2181,2019-05-09,NextSeq,,,
2182,2019-05-09,NextSeq,,,
2185,2019-05-27,NovaSeq,3818592720,PE150,572
2186,2019-05-31,NovaSeq,613507596,PE150,92
2188,2019-05-22,NovaSeq,1490245132,PE150,223
2191,2019-05-09,Others,0,SR75,0
2192,2019-05-10,PacBio,,,
2193,2019-05-10,NextSeq,388695944,SR150,58
2194,2019-05-16,Others,1247612,,
2195,2019-05-13,NextSeq,195577888,PE75,14
2196,2019-05-14,Others,8518306,,
2199,2019-05-21,Others,7447458,,
2200,2019-05-17,Others,3025070,,
2205,2019-05-29,NovaSeq,1880075534,PE150,282
2206,2019-05-15,NextSeq,,,
2207,2019-05-16,NovaSeq,2096759255,SR100,209
2208,2019-05-16,NextSeq,,,
2209,2019-05-20,PacBio,,,
2212,2019-05-21,NextSeq,687030400,PE75,51
2213,2019-05-23,Others,6442532,,
2214,2019-06-07,HiSeq2500,1148665095,SR125,143
2215,2019-05-27,NovaSeq,191569432,PE150,28
2216,2019-05-22,Others,7122440,,
2217,2019-05-22,NovaSeq,8479999536,PE28,237
2218,2019-05-23,Others,0,,
2219,2019-05-31,Others,7994282,,
2220,2019-05-25,NextSeq,208157558,PE150,31
2221,2019-05-23,Others,8700130,,
2223,2019-05-29,NovaSeq,0,PE26,0
2224,2019-05-28,Others,6556138,,
2225,2019-05-28,Others,14084998,,
2226,2019-05-29,NextSeq,535835995,SR75,40
2227,2019-05-29,NextSeq,111003939,SR150,16
2228,2019-05-31,Sequel,,,
2230,2019-05-31,NovaSeq,8256960126,PE28,231
2231,2019-05-09,NovaSeq,,,
2232,2019-06-03,NextSeq,,,
2234,2019-06-04,NovaSeq,1070872268,SR100,107
2235,2019-06-04,Sequel,,,
2236,2019-06-26,NovaSeq,455133546,PE150,68
2237,2019-06-04,NovaSeq,2072630144,SR100,207
2238,2019-06-04,MiSeq,,,
2239,2019-06-05,NextSeq,167313638,SR150,25
2240,2019-06-06,NovaSeq,0,PE26,0
2241,2019-06-06,Others,6411008,,
2242,2019-06-06,NextSeq,61117572,PE75,4
2243,2019-06-07,Sequel,,,
2244,2019-06-07,NextSeq,993467680,PE150,149
2247,2019-06-11,Sequel,,,
2248,2019-06-12,NextSeq,178059937,SR150,26
2249,2019-08-07,NovaSeq,0,PE250,0
2250,2019-07-08,HiSeq2500,1029992059,SR125,128
2251,2019-06-13,NextSeq,0,PE75,0
2252,2019-06-14,NextSeq,,,
2253,2019-06-26,NovaSeq,2096085955,SR100,209
2254,2019-05-28,Others,10069386,,
2256,2019-06-14,Others,,,
2257,2019-06-14,NovaSeq,3879244016,PE28,108
2260,2019-06-14,NovaSeq,2016456782,PE150,302
2261,2019-06-14,Others,101092,,
2262,2019-06-19,NovaSeq,8031840388,PE26,208
2263,2019-06-21,NovaSeq,8950911664,PE26,232
2264,2019-06-25,NovaSeq,8738442862,PE28,244
2265,2019-06-20,NextSeq,60756634,PE150,9
2268,2019-06-19,NovaSeq,986700556,PE150,148
2269,2019-06-19,Others,0,,
2270,2019-07-02,NovaSeq,1051777699,SR100,105
2271,2019-06-19,Sequel,,,
2272,2019-06-20,Others,7747564,,
2273,2019-06-21,NovaSeq,0,PE28,0
2274,2019-06-19,Others,9343160,,
2275,2019-06-21,Sequel,,,
2276,2019-06-21,NovaSeq,,,
2277,2019-06-24,NovaSeq,8002450808,PE28,224
2278,2019-06-25,NovaSeq,0,PE26,0
2279,2019-06-24,NextSeq,,,
2280,2019-06-25,NextSeq,704814530,PE75,52
2281,2019-06-26,Sequel,,,
2282,2019-06-26,Others,5671220,,
2283,2019-06-26,NextSeq,972276400,PE150,145
2285,2019-06-28,Others,20044892,PE150,3
2286,2019-06-28,MiSeq,,,
2287,2019-07-02,NextSeq,106835059,SR150,16
2289,2019-07-03,NextSeq,713173098,PE150,106
2290,2019-07-03,MiSeq,,,
2291,2019-07-04,Others,0,,
2292,2019-07-04,NextSeq,155553589,SR150,23
2293,2019-07-15,NovaSeq,1329998996,SR100,132
2294,2019-07-05,MiSeq,0,PE300,0
2295,2019-07-04,Others,9797852,,
2296,2019-07-08,PacBio,,,
2298,2019-07-08,NextSeq,432281908,PE150,64
2299,2019-07-08,Others,8287252,SR75,0
2300,2019-07-09,HiSeq2500,1192283702,SR125,149
2301,2019-07-09,NextSeq,,,
2302,2019-07-10,Others,5896762,,
2303,2019-07-10,NextSeq,468564510,PE150,70
2304,2019-07-11,NovaSeq,1919331522,PE150,287
2305,2019-07-11,NovaSeq,22163678334,PE150,3324
2306,2019-07-30,NovaSeq,1808278234,PE150,271
2307,2019-07-10,Sequel,,,
2309,2019-07-10,NextSeq,,,
2310,2019-07-19,Others,6235468,,
2311,2019-10-25,NextSeq,0,SR75,0
2312,2019-07-17,NextSeq,368051152,PE150,55
2314,2019-07-18,NovaSeq,975589882,SR100,97
2316,2019-07-18,HiSeq2500,1155728393,SR125,144
2317,2019-10-25,NextSeq,0,PE75,0
2318,2019-07-12,MiSeq,0,PE300,0
2319,2019-07-12,MiSeq,0,PE300,0
2320,2019-07-15,Others,34058246,,
2321,2019-07-15,NextSeq,,,
2322,2019-07-15,NextSeq,,,
2323,2019-07-15,NextSeq,,,
2327,2019-07-16,Others,8304350,,
2329,2019-07-25,NovaSeq,574540258,SR100,57
2330,2019-07-19,NovaSeq,8988965736,PE28,251
2331,2019-07-22,NovaSeq,8018648478,PE28,224
2332,2019-07-22,NovaSeq,8153055822,PE28,228
2333,2019-07-23,NovaSeq,8577606622,PE28,240
2334,2019-07-23,NovaSeq,8358204296,PE28,234
2335,2019-07-24,NovaSeq,7284078150,PE28,203
2339,2019-07-17,NovaSeq,2039171722,PE28,57
2340,2019-07-17,NovaSeq,3892237568,PE28,108
2341,2019-07-18,NovaSeq,8677756118,PE28,242
2342,2019-07-21,NextSeq,451612355,SR75,33
2343,2019-07-04,Others,4173656,,
2344,2019-07-19,NovaSeq,972003593,SR100,97
2345,2019-07-19,MiSeq,0,PE150,0
2348,2019-07-31,HiSeq2500,1126532688,SR125,140
2349,2019-07-21,NextSeq,,,
2350,2019-10-25,NextSeq,,,
2351,2019-07-30,NovaSeq,1810617177,SR100,181
2352,2019-08-09,NovaSeq,738230968,SR100,73
2354,2019-07-23,Others,7841650,,
2355,2019-07-23,NovaSeq,2136599608,PE150,320
2356,2019-07-23,MiSeq,,,
2358,2019-07-24,HiSeq2500,1042816480,SR125,130
2359,2019-07-24,Others,9367154,,
2360,2019-07-26,NovaSeq,,,
2361,2019-07-25,NovaSeq,1999815742,PE50,99
2362,2019-07-24,MiSeq,0,PE300,0
2363,2019-07-24,MiSeq,0,PE300,0
2364,2019-07-29,NovaSeq,785687024,SR100,78
2365,2019-07-25,Others,7493056,,
2366,2019-07-26,NovaSeq,4012553606,PE28,112
2368,2019-07-29,NextSeq,348628922,PE150,52
2370,2019-08-07,NovaSeq,784953972,PE150,117
2371,2019-07-30,NovaSeq,584057762,SR100,58
2372,2019-07-30,Others,8317320,,
2374,2019-09-05,HiSeq2500,511259896,SR125,63
2377,2019-07-10,NovaSeq,1407720226,PE150,211
2378,2019-08-05,NextSeq,290755574,PE150,43
2379,2019-08-06,NovaSeq,0,PE26,0
2380,2019-08-14,Others,10391964,,
2382,2019-08-06,NovaSeq,2039509794,SR100,203
2384,2019-08-09,NovaSeq,945912091,SR100,94
2385,2019-08-13,NovaSeq,22032977282,PE150,3304
2386,2019-08-30,NovaSeq,22105083708,PE150,3315
2387,2019-08-26,NovaSeq,0,PE250,0
2392,2019-08-08,PacBio,,,
2393,2019-08-08,NextSeq,0,PE75,0
2394,2019-08-08,MiSeq,,,
2395,2019-08-09,MiSeq,0,PE300,0
2396,2019-08-09,MiSeq,0,PE150,0
2397,2019-08-09,MiSeq,0,PE150,0
2398,2019-08-16,NovaSeq,2054058292,PE150,308
2400,2019-08-13,NovaSeq,8305044140,PE28,232
2401,2019-08-13,MiSeq,,,
2402,2019-08-15,Others,9566492,,
2404,2019-08-15,NovaSeq,3519200616,PE28,98
2407,2019-08-21,NovaSeq,1611628164,PE28,45
2408,2019-08-23,Others,9887870,,
2409,2019-08-16,NovaSeq,4332109980,SR100,433
2410,2019-08-19,NovaSeq,7727836544,PE28,216
2412,2019-08-19,NovaSeq,441470669,SR100,44
2414,2019-08-16,HiSeq2500,,,
2415,2019-08-23,NovaSeq,0,PE26,0
2417,2019-08-21,NovaSeq,8870984422,PE150,1330
2421,2019-08-21,MiSeq,0,PE300,0
2422,2019-08-28,NovaSeq,1874716774,PE150,281
2423,2019-08-21,NextSeq,,,
2424,2019-08-23,NovaSeq,9059768052,PE28,253
2425,2019-09-04,NextSeq,280638510,PE150,42
2426,2019-08-23,Sequel,,,
2427,2019-08-26,MiSeq,0,PE250,0
2428,2019-08-26,MiSeq,36496076,PE250,9
2429,2019-08-26,NextSeq,,,
2431,2019-08-26,NextSeq,0,SR75,0
2432,2019-08-27,Others,9881822,,
2433,2019-08-28,NovaSeq,2637126444,PE150,395
2434,2019-08-28,NextSeq,361151387,SR75,27
2436,2019-08-28,Sequel,,,
2437,2019-08-29,NovaSeq,2100496420,PE150,315
2438,2019-09-04,Others,10103840,,
2439,2019-08-29,MiSeq,0,PE300,0
2441,2019-08-29,MiSeq,0,PE300,0
2442,2019-09-13,HiSeq2500,1101818145,SR125,137
2443,2019-09-10,NovaSeq,368395219,SR100,36
2444,2019-09-06,NovaSeq,3792148838,SR100,379
2445,2019-09-19,Others,7920282,,
2448,2019-09-05,NovaSeq,8562858082,PE28,239
2449,2019-09-04,MiSeq,,,
2451,2019-10-15,NovaSeq,2039647424,SR100,203
2452,2019-09-11,NovaSeq,724525886,PE150,108
2453,2019-09-05,NextSeq,,,
2454,2019-09-05,MiSeq,,,
2455,2019-09-13,NovaSeq,,,
2456,2019-09-06,NovaSeq,1253633798,PE250,313
2457,2019-09-09,NextSeq,1090985690,PE26,28
2458,2019-09-12,NovaSeq,8144051718,PE26,211
2459,2019-09-12,NovaSeq,9247067732,PE26,240
2460,2019-09-10,NextSeq,10926391,SR75,0
2462,2019-09-13,NovaSeq,3688531078,PE28,103
2463,2019-09-12,Sequel,,,
2464,2019-09-17,NovaSeq,,,
2465,2019-09-13,Others,32405324,PE100,3
2466,2019-09-16,NovaSeq,,,
2467,2019-09-16,NextSeq,,,
2468,2019-09-16,NextSeq,0,PE75,0
2469,2019-09-18,HiSeq2500,2057207134,PE75,154
2470,2019-09-18,NovaSeq,995518742,PE150,149
2471,2019-09-13,Others,32443756,PE100,3
2472,2019-09-26,NovaSeq,925406958,SR100,92
2474,2019-09-20,NextSeq,147529791,SR150,22
2477,2019-09-20,HiSeq2500,1966554598,PE125,245
2478,2019-09-23,Sequel,,,
2479,2019-09-23,NextSeq,,,
2480,2019-09-25,Others,9584292,,
2482,2019-09-30,Others,8674790,,
2483,2019-10-04,NovaSeq,21008063832,PE150,3151
2484,2019-09-26,Others,9973168,,
2485,2019-09-30,Sequel,,,
2487,2019-10-10,NovaSeq,1483866808,PE150,222
2488,2019-09-30,NovaSeq,2181558874,SR100,218
2489,2019-10-01,NextSeq,344203544,SR150,51
2490,2019-10-10,NovaSeq,2185943729,SR100,218
2491,2019-10-10,Others,8871384,,
2492,2019-10-01,MiSeq,0,PE150,0
2494,2019-10-01,MiSeq,,,
2495,2019-10-04,Sequel,,,
2496,2019-10-16,NovaSeq,803797808,PE150,120
2498,2019-10-09,NovaSeq,734644577,SR100,73
2500,2019-10-18,NovaSeq,24477272884,PE150,3671
2501,2019-10-04,NextSeq,0,SR75,0
2502,2019-10-16,HiSeq2500,1596417609,SR125,199
2503,2019-10-15,NovaSeq,9202505442,PE50,460
2505,2019-10-21,NovaSeq,8348099720,PE28,233
2506,2019-10-07,MiSeq,,,
2507,2019-10-09,NovaSeq,7898294224,PE28,221
2508,2019-10-17,NovaSeq,8642677900,PE28,241
2509,2019-10-19,NovaSeq,2063759880,PE150,309
2512,2019-10-16,NovaSeq,985219255,SR100,98
2513,2019-10-25,NextSeq,,,
2514,2019-10-25,NextSeq,,,
2516,2019-10-11,PacBio,,,
2517,2019-10-11,PacBio,,,
2518,2019-10-16,NovaSeq,7151032,SR100,0
2519,2019-10-18,NovaSeq,1006471629,SR100,100
2520,2019-10-20,NovaSeq,900681518,SR100,90
2521,2019-10-14,NovaSeq,4271788502,PE28,119
2522,2019-10-14,NextSeq,278319234,SR150,41
2523,2019-10-21,NovaSeq,937561376,SR100,93
2525,2019-10-17,Others,10140346,,
2526,2019-10-20,NovaSeq,746978211,SR100,74
2527,2019-10-17,NextSeq,1108019300,PE26,28
2529,2019-10-17,Others,2861954,PE100,0
2530,2019-10-21,NextSeq,,,
2531,2019-10-21,Others,8227906,,
2532,2019-10-22,NovaSeq,2044159423,SR100,204
2533,2019-10-23,NovaSeq,864736185,SR100,86
2534,2019-10-24,Others,10768852,,
2535,2019-10-28,NextSeq,175731024,PE75,13
2536,2019-10-22,Others,9337908,,
2537,2019-10-25,Others,10408712,,
2538,2019-10-24,NovaSeq,912503479,SR100,91
2539,2019-10-24,Sequel,,,
2540,2019-10-24,MiSeq,31184276,PE300,9
2541,2019-10-24,MiSeq,40242812,PE300,12
2542,2019-10-25,NovaSeq,2111081147,SR100,211
2543,2019-10-28,NovaSeq,981978197,SR100,98
2544,2019-10-24,HiSeq2500,,,
2545,2019-11-04,NovaSeq,1020772596,SR100,102
2546,2019-10-24,Others,9487614,,
2547,2019-10-25,NextSeq,,,
2549,2019-11-05,NovaSeq,8568519556,PE28,239
2550,2019-11-04,NovaSeq,500883640,SR100,50
2551,2019-10-28,NovaSeq,4358579204,PE50,217
2552,2019-10-28,NextSeq,373572090,SR150,56
2556,2019-11-08,Others,34412762,SR75,2
2557,2019-11-04,Others,0,SR75,0
2558,2019-11-01,Others,9169526,,
2559,2019-10-30,HiSeq2500,1608067309,SR125,201
2560,2019-11-05,NovaSeq,8597219364,PE28,240
2561,2019-11-07,Others,8154592,,
2562,2019-11-06,Others,9163338,,
2563,2019-11-01,MiSeq,23972286,PE300,7
2565,2019-11-01,NextSeq,304425114,PE75,22
2566,2019-11-04,NovaSeq,609732294,SR100,60
2567,2019-11-06,NovaSeq,719593391,SR100,71
2570,2019-11-07,Sequel,,,
2572,2019-11-08,NovaSeq,1015403386,SR100,101
2575,2019-11-07,NextSeq,279253648,SR75,20
2576,2019-12-09,NextSeq,25020307,SR150,3
2577,2019-11-08,Sequel,,,
2578,2019-11-12,Others,,,
2579,2019-11-08,NovaSeq,1916324792,PE28,53
2580,2019-11-08,Others,74945438,PE150,11
2581,2019-11-12,NovaSeq,4459372062,SR100,445
2583,2019-11-11,NovaSeq,1032858278,SR100,103
2584,2019-11-11,NovaSeq,369974211,SR100,36
2585,2019-11-12,Sequel,,,
2586,2019-11-12,HiSeq2500,624993054,SR125,78
2587,2019-11-22,NextSeq,327807399,SR75,24
2588,2019-11-12,NextSeq,438362039,SR150,65
2589,2019-11-13,MiSeq,36321222,PE250,9
2590,2019-11-13,Others,36816394,PE150,5
2591,2019-11-22,Others,776498,PE100,0
2592,2019-11-13,NextSeq,225529348,PE75,16
2593,2019-11-13,Sequel,,,
2594,2019-11-13,Others,0,,
2595,2019-11-20,NovaSeq,974940511,SR100,97
2596,2019-11-13,Others,4924571,,
2597,2019-11-13,NovaSeq,1016158792,PE150,152
2599,2019-11-15,NovaSeq,474169056,SR100,47
2600,2019-11-19,NovaSeq,8949120356,PE28,250
2601,2019-11-18,Others,9056534,,
2603,2019-11-19,NovaSeq,4621612721,SR100,462
2604,2019-11-19,Others,8181258,SR75,0
2605,2019-11-20,NovaSeq,983001017,SR100,98
2606,2019-11-19,MiSeq,10421502,PE75,0
2607,2019-11-22,Others,6687188,,
2608,2019-11-21,NovaSeq,23486110522,PE150,3522
2609,2019-11-21,MiSeq,,,
2610,2019-11-25,NovaSeq,919478824,PE150,137
2613,2019-11-27,MiSeq,7272864,PE75,0
2614,2019-11-27,NextSeq,8788873,SR150,1
2619,2019-11-27,NextSeq,,,
2620,2019-11-27,NextSeq,,,
2622,2019-11-27,NovaSeq,6059953514,PE28,169
2623,2019-11-28,Others,9116402,,
2624,2019-12-02,NovaSeq,,,
2625,2019-12-02,MiSeq,32377382,PE300,9
2626,2019-12-03,Others,7191396,,
2628,2019-12-03,NovaSeq,0,PE150,0
2629,2019-12-03,NovaSeq,0,PE100,0
2630,2019-12-03,NovaSeq,1989545703,SR100,198
2631,2019-12-11,NovaSeq,1982736889,SR100,198
2632,2019-12-03,Others,12893724,PE100,1
2633,2019-12-09,NextSeq,0,SR150,0
2635,2019-12-04,Others,8250996,,
2636,2019-12-04,Others,7122252,PE100,0
2641,2019-12-04,NextSeq,,,
2643,2019-12-04,MiSeq,21931714,PE300,6
2645,2019-12-05,Others,6985626,,
2647,2020-01-29,HiSeq2500,2465689878,PE75,184
2648,2019-12-06,NextSeq,285828888,PE150,42
2650,2019-12-09,NovaSeq,365590018,SR100,36
2651,2019-12-09,NovaSeq,8431780108,PE28,236
2655,2019-12-09,NovaSeq,976782748,PE150,146
2656,2019-12-09,NextSeq,102692080,PE150,15
2657,2019-12-09,NovaSeq,4074523647,SR100,407
2658,2019-12-11,Others,8734076,,
2659,2019-12-11,NextSeq,361144688,SR75,27
2661,2019-12-11,NextSeq,,,
2662,2019-12-11,NovaSeq,,,
2663,2019-12-12,Others,,,
2664,2019-12-12,Others,,,
2666,2019-12-12,Others,7993610,,
2667,2019-12-12,NovaSeq,8581028618,PE28,240
2669,2019-12-12,HiSeq2500,1691291002,SR50,84
2670,2019-12-12,NovaSeq,2055388394,PE28,57
2671,2019-12-12,NovaSeq,,,
2672,2019-12-12,NovaSeq,935721422,SR100,93
2674,2019-12-13,NextSeq,0,SR75,0
2675,2019-12-16,Sequel,,,
2676,2019-12-16,NextSeq,542332362,PE75,40
2677,2019-12-16,NovaSeq,3903035120,PE150,585
2683,2019-12-17,NextSeq,512781004,PE75,38
2685,2019-12-17,NovaSeq,8516296414,PE50,425
2686,2019-12-17,NovaSeq,8449627842,PE50,422
2687,2019-12-17,NovaSeq,4059406798,SR100,405
2688,2019-12-17,HiSeq2500,,,
2689,2019-12-17,Others,9500928,,
2690,2019-12-17,Others,7307070,,
2691,2019-12-17,Others,6135178,,
2692,2019-12-18,NextSeq,704062442,PE75,52
2693,2020-01-13,Others,10525630,,
2694,2019-12-18,NovaSeq,8207571830,PE28,229
2695,2019-12-18,Sequel,,,
2697,2019-12-19,NextSeq,0,SR75,0
2698,2019-12-19,NextSeq,668154142,PE75,50
2699,2019-12-19,NextSeq,512092686,PE75,38
2704,2019-12-20,HiSeq2500,1628326964,SR125,203
2705,2019-12-19,Others,,,
2706,2019-12-19,NovaSeq,6803193964,PE28,190
2708,2020-01-09,NovaSeq,749514846,SR100,74
2709,2019-12-20,Others,8561512,,
2710,2019-12-20,Others,8661272,,
2711,2019-12-23,Sequel,,,
2712,2020-01-17,HiSeq2500,3743565288,PE125,467
2713,2020-02-18,NextSeq,102271746,PE150,15
2717,2020-01-09,NovaSeq,665131901,SR100,66
2718,2020-01-09,Others,6518,PE100,0
2720,2020-02-12,MiSeq,27918482,PE300,8
2721,2020-01-10,NovaSeq,20444489586,PE150,3066
2722,2020-01-10,NovaSeq,16400536548,PE150,2460
2723,2020-01-21,NovaSeq,3857459110,PE28,108
2724,2020-01-13,Sequel,,,
2725,2020-01-13,NovaSeq,925191396,PE150,138
2726,2020-01-13,NovaSeq,8761810408,PE100,876
2727,2020-01-13,NovaSeq,874673530,SR100,87
2728,2020-01-13,NovaSeq,1799221051,SR100,179
2729,2020-01-14,NovaSeq,2852137384,PE150,427
2730,2020-01-14,NovaSeq,4437563129,SR100,443
2731,2020-01-15,NextSeq,586860602,PE75,44
2734,2020-01-15,Others,7807786,,
2736,2020-01-15,Others,8022128,,
2737,2020-01-30,NextSeq,,,
2738,2020-01-16,NextSeq,489221280,PE75,36
2739,2020-01-16,NextSeq,569711370,PE75,42
2740,2020-01-16,NextSeq,465590174,PE75,34
2741,2020-01-17,Others,9862036,,
2742,2020-01-20,Sequel,,,
2743,2020-02-18,HiSeq2500,791062353,SR125,98
2745,2020-01-20,NovaSeq,5108041108,PE150,766
2746,2020-01-21,NovaSeq,3219012620,PE150,482
2747,2020-01-21,Others,8466376,,
2748,2020-01-21,Others,5582466,,
2750,2020-01-21,Others,13192310,PE100,1
2751,2020-01-23,NovaSeq,7475328038,PE50,373
2757,2020-01-31,HiSeq2500,1094857024,SR100,109
2758,2020-01-28,NovaSeq,1947272470,PE150,292
2760,2020-01-23,NextSeq,,,
2761,2020-01-23,NovaSeq,825501346,SR100,82
2762,2020-01-23,NovaSeq,0,SR100,0
2763,2020-01-23,NovaSeq,1485317816,PE150,222
2764,2020-01-24,NovaSeq,2061926941,SR100,206
2765,2020-01-24,NovaSeq,872944786,SR100,87
2766,2020-01-24,NovaSeq,4185865743,SR100,418
2768,2020-01-24,Others,4855432,PE100,0
2769,2020-01-27,Others,7934536,,
2770,2020-01-28,Others,8142860,,
2771,2020-01-28,Others,8229606,PE100,0
2772,2020-01-29,Others,6865700,,
2773,2020-01-29,NovaSeq,3527093266,PE150,529
2774,2020-01-30,Others,9009318,,
2776,2020-01-30,NovaSeq,,,
2778,2020-01-30,NovaSeq,,,
2779,2020-01-31,Others,,,
2780,2020-02-04,NovaSeq,867320756,SR100,86
2783,2020-01-31,Others,3228696,,
2784,2020-02-03,NovaSeq,0,SR100,0
2785,2020-02-03,NovaSeq,2009434756,PE28,56
2787,2020-02-03,NovaSeq,4061035176,SR100,406
2788,2020-02-03,NextSeq,,,
2789,2020-02-03,NextSeq,0,SR75,0
2790,2020-02-04,MiSeq,6577418,PE150,0
2792,2020-02-04,NovaSeq,2114409590,PE28,59
2794,2020-02-04,NovaSeq,0,PE100,0
2798,2020-02-04,NovaSeq,3743978936,SR100,374
2799,2020-02-05,Others,1868782,,
2801,2020-02-03,NovaSeq,4467725019,SR100,446
2803,2020-02-05,NovaSeq,,,
2804,2020-02-05,NovaSeq,,,
2805,2020-02-05,NovaSeq,,,
2806,2020-02-05,NovaSeq,,,
2807,2020-02-06,NovaSeq,1772765032,PE150,265
2808,2020-02-07,NextSeq,781145412,PE75,58
2809,2020-02-07,Others,72263916,PE150,10
2811,2020-02-10,Others,10032190,,
2812,2020-02-10,NovaSeq,3909384384,PE28,109
2813,2020-02-10,Others,10378614,,
2815,2020-02-14,NovaSeq,2075725364,SR100,207
2816,2020-02-12,HiSeq2500,,,
2817,2020-02-12,Others,,,
2818,2020-02-12,NovaSeq,2017548363,SR100,201
2819,2020-02-12,NovaSeq,,,
2820,2020-02-12,Others,2577111,PE75,0
2825,2020-02-12,MiSeq,20391398,PE300,6
2826,2020-02-13,NovaSeq,1885978842,PE50,94
2828,2020-02-13,NovaSeq,1996855439,SR100,199
2829,2020-02-13,Others,2120,,
2831,2020-02-13,NovaSeq,446836875,SR100,44
2832,2020-02-13,NovaSeq,836590550,PE150,125
2833,2020-02-13,NextSeq,,,
2834,2020-02-13,Others,702882,PE100,0
2837,2020-02-12,Others,,,
2838,2020-02-13,MiSeq,26391050,PE300,7
2840,2020-02-14,NovaSeq,8057410968,PE28,225
2841,0000-00-00,NovaSeq,,,
2842,2020-02-14,NovaSeq,3976861490,PE28,111
2843,2020-02-17,NextSeq,156871407,SR150,23
2844,2020-02-17,Others,9885412,,
2846,2020-02-18,NovaSeq,1014146845,SR100,101
2847,2020-02-18,MiSeq,,,
2848,2020-02-18,MiSeq,,,
2849,2020-02-20,NovaSeq,0,PE100,0
2851,2020-02-19,NextSeq,,,
2852,2020-02-19,NextSeq,,,
2855,0000-00-00,NextSeq,,,
2856,2020-02-19,NovaSeq,,,
2857,2020-02-19,NovaSeq,,,
