id,start_date,num_samples,finish_date,days_to_completion
410,11/7/2013,24,1/22/2014,77
440,1/7/2014,4,3/11/2014,64
453,1/28/2014,4,4/21/2014,83.95833333
469,2/20/2014,9,4/21/2014,60.95833333
501,2/27/2014,5,4/21/2014,53.95833333
523,3/25/2014,4,9/11/2014,170.9583333
524,4/2/2014,4,9/11/2014,163
531,3/17/2014,10,4/21/2014,35.95833333
532,3/19/2014,12,4/21/2014,33.95833333
551,3/28/2014,1,9/11/2014,167.9583333
553,4/9/2014,10,9/11/2014,156
554,3/11/2014,20,9/11/2014,184.9583333
555,3/21/2014,21,9/11/2014,174.9583333
556,4/10/2014,9,9/11/2014,155
557,4/10/2014,12,9/11/2014,155
558,3/20/2014,21,9/11/2014,175.9583333
560,4/8/2014,1,6/11/2014,65
562,4/10/2014,6,7/3/2014,85
565,4/16/2014,4,9/11/2014,149
569,4/10/2014,13,7/3/2014,85
574,4/24/2014,45,7/3/2014,71
575,3/19/2014,16,9/11/2014,176.9583333
576,4/29/2014,1,9/11/2014,136
577,4/29/2014,22,7/8/2014,71
578,4/7/2014,6,9/11/2014,158
581,5/2/2014,6,7/1/2014,61
582,5/7/2014,1,6/18/2014,43
584,4/14/2014,24,6/12/2014,60
587,5/7/2014,9,9/11/2014,128
588,5/8/2014,9,6/13/2014,37
589,5/8/2014,9,6/13/2014,37
590,4/16/2014,12,7/3/2014,79
591,4/17/2014,12,7/3/2014,78
592,3/18/2014,40,6/11/2014,85.95833333
596,5/9/2014,4,6/13/2014,36
597,5/9/2014,3,7/29/2014,82
598,4/23/2014,18,7/1/2014,70
611,5/5/2014,13,7/3/2014,60
612,5/14/2014,8,6/12/2014,30
613,5/6/2014,12,6/13/2014,39
614,4/25/2014,6,6/12/2014,49
616,5/20/2014,8,6/12/2014,24
618,5/22/2014,8,6/16/2014,26
619,5/23/2014,15,6/16/2014,25
620,4/7/2014,34,8/6/2014,122
622,5/26/2014,60,9/16/2014,114
623,6/3/2014,12,6/12/2014,10
624,6/5/2014,8,8/20/2014,77
627,6/5/2014,8,7/29/2014,55
628,6/6/2014,9,8/6/2014,62
629,5/28/2014,24,8/4/2014,69
630,5/27/2014,6,8/4/2014,70
631,6/6/2014,10,7/29/2014,54
632,6/11/2014,12,7/8/2014,28
633,6/16/2014,6,7/3/2014,18
635,4/7/2014,34,8/6/2014,122
636,5/30/2014,33,8/4/2014,67
637,6/20/2014,10,8/20/2014,62
638,6/18/2014,18,7/17/2014,30
639,6/5/2014,8,8/4/2014,61
640,6/22/2014,1,8/4/2014,44
641,6/25/2014,8,8/20/2014,57
643,6/2/2014,1,7/29/2014,58
644,6/27/2014,6,8/4/2014,39
646,5/28/2014,12,8/20/2014,85
647,6/26/2014,5,8/20/2014,56
648,6/26/2014,16,8/22/2014,58
649,6/27/2014,16,8/22/2014,57
650,6/22/2014,2,8/4/2014,44
651,7/7/2014,11,7/28/2014,22
652,6/30/2014,3,7/22/2014,23
653,7/7/2014,2,8/7/2014,32
654,7/7/2014,2,8/13/2014,38
656,12/2/2013,6,8/6/2014,247.9583333
657,7/1/2014,10,8/20/2014,51
658,4/24/2014,24,8/4/2014,103
659,6/17/2014,12,8/20/2014,65
660,6/21/2014,12,12/22/2014,185.0416667
661,6/27/2014,12,12/22/2014,179.0416667
663,7/9/2014,4,8/22/2014,45
664,7/2/2014,8,8/6/2014,36
667,7/16/2014,16,8/22/2014,38
668,6/2/2014,20,8/28/2014,88
670,7/11/2014,12,8/4/2014,25
671,7/16/2014,12,8/6/2014,22
725,7/24/2014,15,8/28/2014,36
726,7/21/2014,6,9/24/2014,66
727,7/21/2014,12,9/11/2014,53
728,7/21/2014,16,9/11/2014,53
733,7/18/2014,23,8/20/2014,34
734,7/31/2014,2,9/24/2014,56
735,7/30/2014,8,8/28/2014,30
736,7/28/2014,5,9/24/2014,59
737,7/22/2014,8,8/28/2014,38
738,7/2/2014,8,9/11/2014,72
739,7/21/2014,28,9/16/2014,58
740,8/6/2014,11,12/6/2014,123.0416667
741,8/6/2014,11,12/6/2014,123.0416667
742,8/6/2014,11,12/6/2014,123.0416667
743,8/6/2014,12,8/28/2014,23
744,7/30/2014,10,8/28/2014,30
745,7/22/2014,11,10/8/2014,79
746,7/22/2014,11,10/8/2014,79
747,7/22/2014,11,10/8/2014,79
748,8/6/2014,18,9/3/2014,29
749,8/6/2014,8,9/3/2014,29
750,7/28/2014,5,9/3/2014,38
752,8/21/2014,8,10/8/2014,49
753,8/26/2014,12,10/8/2014,44
754,8/29/2014,1,10/8/2014,41
755,8/29/2014,18,10/8/2014,41
756,8/27/2014,16,10/8/2014,43
757,8/27/2014,12,9/24/2014,29
758,8/27/2014,4,9/24/2014,29
759,9/3/2014,1,9/16/2014,14
760,9/3/2014,1,9/16/2014,14
761,9/1/2014,8,10/8/2014,38
763,9/3/2014,21,10/8/2014,36
765,9/1/2014,12,10/8/2014,38
767,9/5/2014,10,9/8/2014,4
769,9/5/2014,12,10/8/2014,34
772,9/8/2014,14,9/16/2014,9
773,9/8/2014,12,10/8/2014,31
776,9/8/2014,72,10/18/2014,41
777,9/9/2014,6,10/18/2014,40
778,9/8/2014,6,10/18/2014,41
779,9/7/2014,8,4/16/2015,222
780,9/8/2014,35,12/18/2014,102.0416667
781,6/26/2014,11,11/13/2014,141.0416667
782,9/16/2014,5,12/18/2014,94.04166667
783,8/28/2014,1,10/8/2014,42
784,9/23/2014,8,12/18/2014,87.04166667
785,9/22/2014,24,12/18/2014,88.04166667
790,9/30/2014,4,11/26/2014,58.04166667
792,7/18/2014,4,11/13/2014,119.0416667
793,9/8/2014,12,11/13/2014,67.04166667
795,10/1/2014,4,12/6/2014,67.04166667
796,10/6/2014,8,12/18/2014,74.04166667
797,10/1/2014,8,12/16/2014,77.04166667
799,9/19/2014,5,12/18/2014,91.04166667
800,10/6/2014,4,12/18/2014,74.04166667
801,10/20/2014,8,11/26/2014,38.04166667
802,10/2/2014,5,11/13/2014,43.04166667
804,10/14/2014,6,12/22/2014,70.04166667
805,10/20/2014,4,12/16/2014,58.04166667
806,10/21/2014,5,12/6/2014,47.04166667
807,10/28/2014,1,11/26/2014,30
810,10/30/2014,1,11/13/2014,15
811,10/30/2014,1,11/13/2014,15
812,10/15/2014,10,12/22/2014,69.04166667
813,11/3/2014,6,11/26/2014,24
817,10/31/2014,6,11/26/2014,27
818,11/3/2014,6,11/26/2014,24
820,11/3/2014,51,12/16/2014,44
821,11/4/2014,100,12/22/2014,49
822,9/11/2014,6,11/13/2014,64.04166667
828,11/6/2014,12,12/6/2014,31
831,11/5/2014,24,1/27/2016,449
832,10/27/2014,1,12/22/2014,57
835,11/17/2014,3,12/28/2014,42
836,11/20/2014,10,12/16/2014,27
837,11/13/2014,19,12/28/2014,46
840,11/20/2014,48,12/16/2014,27
842,11/20/2014,1,12/16/2014,27
843,11/13/2014,1,12/22/2014,40
847,11/20/2014,4,12/17/2014,28
848,10/31/2014,6,12/22/2014,53
850,11/20/2014,1,12/28/2014,39
851,11/6/2014,6,12/16/2014,41
852,11/20/2014,48,12/16/2014,27
853,11/20/2014,6,12/16/2014,27
855,9/30/2014,4,12/22/2014,84.04166667
856,10/31/2014,24,12/28/2014,59
857,11/24/2014,12,12/28/2014,35
859,11/20/2014,10,12/16/2014,27
861,10/23/2014,16,4/16/2015,176
863,12/5/2014,2,12/16/2014,12
865,12/2/2014,3,12/28/2014,27
866,12/9/2014,1,12/28/2014,20
867,11/25/2014,15,12/22/2014,28
868,12/9/2014,12,4/16/2015,128.9583333
871,12/11/2014,3,2/5/2015,57
872,12/10/2014,18,4/16/2015,127.9583333
873,11/13/2014,105,4/16/2015,154.9583333
874,12/12/2014,7,4/16/2015,125.9583333
878,12/16/2014,31,4/16/2015,121.9583333
880,12/18/2014,1,12/28/2014,11
882,12/18/2014,5,4/16/2015,119.9583333
883,12/12/2014,8,1/27/2015,47
884,12/11/2014,3,4/16/2015,126.9583333
885,12/18/2014,5,1/27/2015,41
886,12/19/2014,30,12/28/2014,10
888,12/15/2014,96,4/16/2015,122.9583333
890,1/5/2015,11,4/16/2015,101.9583333
892,10/21/2014,5,1/27/2015,99.04166667
893,11/3/2014,51,4/16/2015,164.9583333
894,12/19/2014,2,4/16/2015,118.9583333
895,1/8/2015,17,4/16/2015,98.95833333
896,9/1/2014,12,4/16/2015,228
897,11/13/2014,36,1/27/2015,76
899,1/8/2015,9,4/16/2015,98.95833333
900,1/12/2015,8,1/27/2015,16
901,1/12/2015,45,4/16/2015,94.95833333
902,11/27/2014,12,4/16/2015,140.9583333
903,1/16/2015,22,5/6/2015,110.9583333
904,1/20/2015,9,4/16/2015,86.95833333
906,1/19/2015,42,7/22/2015,184.9583333
907,11/6/2014,24,4/16/2015,161.9583333
912,1/19/2015,6,4/16/2015,87.95833333
913,1/20/2015,12,4/16/2015,86.95833333
915,2/2/2015,10,4/16/2015,73.95833333
916,11/13/2014,105,4/16/2015,154.9583333
917,1/19/2015,4,8/25/2015,218.9583333
921,2/3/2015,10,4/16/2015,72.95833333
922,1/28/2015,4,4/16/2015,78.95833333
923,1/30/2015,17,4/16/2015,76.95833333
925,2/11/2015,8,4/16/2015,64.95833333
927,2/9/2015,18,4/16/2015,66.95833333
928,2/9/2015,18,4/16/2015,66.95833333
929,2/9/2015,18,4/16/2015,66.95833333
933,2/6/2015,5,4/16/2015,69.95833333
934,12/12/2014,4,4/16/2015,125.9583333
938,1/19/2015,2,4/16/2015,87.95833333
942,1/15/2015,7,4/16/2015,91.95833333
947,2/16/2015,1,4/16/2015,59.95833333
949,2/19/2015,10,4/16/2015,56.95833333
950,2/19/2015,30,4/20/2015,60.95833333
951,2/20/2015,32,4/20/2015,59.95833333
953,12/9/2014,4,4/16/2015,128.9583333
954,4/10/2014,12,4/16/2015,372
955,2/23/2015,15,4/16/2015,52.95833333
956,2/19/2015,16,4/16/2015,56.95833333
957,2/19/2015,15,4/16/2015,56.95833333
958,2/19/2015,11,4/16/2015,56.95833333
959,2/19/2015,10,4/16/2015,56.95833333
960,2/19/2015,10,4/16/2015,56.95833333
961,2/19/2015,10,4/16/2015,56.95833333
962,2/15/2015,17,4/14/2015,58.95833333
963,2/13/2015,10,4/16/2015,62.95833333
964,2/17/2015,9,4/16/2015,58.95833333
966,2/19/2015,9,4/16/2015,56.95833333
967,2/20/2015,96,4/16/2015,55.95833333
968,2/25/2015,2,4/16/2015,50.95833333
969,2/23/2015,1,4/16/2015,52.95833333
971,2/10/2015,2,4/16/2015,65.95833333
972,2/5/2015,1,4/16/2015,70.95833333
974,3/2/2015,22,4/14/2015,43.95833333
975,3/4/2015,96,4/16/2015,43.95833333
976,1/15/2015,5,4/16/2015,91.95833333
982,3/5/2015,9,5/13/2015,69.95833333
988,2/17/2015,9,4/16/2015,58.95833333
990,2/2/2015,4,5/27/2015,114.9583333
991,3/11/2015,6,8/16/2015,158.9583333
992,3/9/2015,12,5/13/2015,65.95833333
993,3/6/2015,12,6/23/2015,109.9583333
994,3/6/2015,9,6/23/2015,109.9583333
996,3/9/2015,8,4/14/2015,36.95833333
1012,3/10/2015,2,4/20/2015,41.95833333
1013,3/17/2015,1,4/16/2015,30.95833333
1014,2/27/2015,2,5/6/2015,68.95833333
1015,2/27/2015,6,4/20/2015,52.95833333
1016,3/17/2015,1,4/16/2015,30.95833333
1017,3/13/2015,12,5/4/2015,52.95833333
1018,3/3/2015,6,4/16/2015,44.95833333
1019,3/11/2015,1,4/16/2015,36.95833333
1020,3/17/2015,5,4/16/2015,30.95833333
1021,3/19/2015,5,5/6/2015,48.95833333
1023,3/12/2015,12,6/22/2015,102.9583333
1024,3/19/2015,4,5/6/2015,48.95833333
1025,3/23/2015,20,6/9/2015,78.95833333
1026,3/20/2015,7,5/6/2015,47.95833333
1028,3/24/2015,6,5/6/2015,43.95833333
1029,2/3/2015,55,7/27/2015,174.9583333
1030,3/20/2015,75,9/28/2015,192.9583333
1031,3/23/2015,11,4/14/2015,22.95833333
1033,1/29/2015,26,4/20/2015,81.95833333
1039,3/18/2015,18,6/24/2015,98.95833333
1040,3/16/2015,29,4/13/2015,28.95833333
1041,2/14/2015,9,5/4/2015,79.95833333
1046,3/17/2015,9,5/27/2015,71.95833333
1047,3/17/2015,1,5/27/2015,71.95833333
1048,3/2/2015,12,5/27/2015,86.95833333
1051,4/2/2015,8,6/22/2015,82
1053,3/26/2015,11,5/6/2015,41.95833333
1055,3/2/2015,56,7/13/2015,133.9583333
1058,3/27/2015,5,4/20/2015,24.95833333
1059,4/20/2015,5,4/20/2015,1
1061,4/23/2015,2,5/13/2015,21
1062,4/23/2015,4,6/24/2015,63
1063,3/31/2015,4,4/28/2015,29
1064,4/21/2015,1,5/14/2015,24
1065,4/17/2015,9,5/6/2015,20
1066,2/3/2015,55,6/22/2015,139.9583333
1067,4/27/2015,22,6/22/2015,57
1069,4/29/2015,5,5/14/2015,16
1070,2/9/2015,24,5/14/2015,94.95833333
1071,4/16/2015,8,6/11/2015,57
1073,4/29/2015,10,6/24/2015,57
1074,5/6/2015,4,5/27/2015,22
1076,12/12/2014,4,6/24/2015,194.9583333
1077,3/31/2015,8,5/26/2015,57
1078,3/23/2015,8,6/22/2015,91.95833333
1079,4/30/2015,9,6/11/2015,43
1081,5/7/2015,1,5/11/2015,5
1083,5/7/2015,21,5/11/2015,5
1084,4/30/2015,8,6/9/2015,41
1085,4/1/2015,7,6/23/2015,84
1086,4/29/2015,192,10/22/2015,177
1089,5/7/2015,8,6/9/2015,34
1090,3/19/2015,16,6/11/2015,84.95833333
1091,4/28/2015,8,5/26/2015,29
1092,4/28/2015,3,7/22/2015,86
1093,5/8/2015,1,5/27/2015,20
1094,4/30/2015,1,6/24/2015,56
1096,5/12/2015,3,5/26/2015,15
1097,5/12/2015,3,5/26/2015,15
1099,5/11/2015,8,6/30/2015,51
1100,5/13/2015,1,5/26/2015,14
1103,5/13/2015,16,7/27/2015,76
1104,5/12/2015,18,6/30/2015,50
1105,5/19/2015,10,6/24/2015,37
1106,5/20/2015,8,6/22/2015,34
1107,3/20/2015,9,7/22/2015,124.9583333
1110,5/12/2015,24,6/22/2015,42
1111,5/13/2015,8,6/24/2015,43
1112,5/26/2015,1,6/24/2015,30
1113,5/28/2015,12,6/30/2015,34
1114,5/29/2015,8,6/24/2015,27
1115,5/29/2015,17,6/23/2015,26
1116,4/20/2015,36,9/18/2016,518
1117,6/2/2015,22,6/30/2015,29
1118,6/2/2015,6,7/22/2015,51
1119,5/29/2015,3,9/28/2015,123
1120,5/27/2015,36,8/4/2015,70
1121,6/2/2015,4,7/22/2015,51
1122,6/4/2015,9,7/22/2015,49
1124,5/4/2015,4,7/22/2015,80
1125,6/1/2015,6,7/27/2015,57
1126,6/4/2015,15,7/23/2015,50
1127,5/20/2015,6,7/27/2015,69
1130,5/19/2015,15,7/22/2015,65
1132,3/18/2015,20,7/22/2015,126.9583333
1134,6/9/2015,8,7/22/2015,44
1135,6/9/2015,48,8/21/2015,74
1136,6/8/2015,8,7/22/2015,45
1138,6/8/2015,8,7/22/2015,45
1143,6/4/2015,1,6/30/2015,27
1145,6/16/2015,9,8/21/2015,67
1146,6/15/2015,18,8/4/2015,51
1148,6/22/2015,30,8/6/2015,46
1149,6/23/2015,96,7/22/2015,30
1153,4/12/2015,10,8/25/2015,136
1154,6/12/2015,14,8/4/2015,54
1157,6/17/2015,25,8/21/2015,66
1158,5/26/2015,4,8/16/2015,83
1161,6/10/2015,4,7/13/2015,34
1162,5/19/2015,7,7/22/2015,65
1168,2/4/2015,24,8/21/2015,198.9583333
1169,6/26/2015,18,8/11/2015,47
1170,7/1/2015,10,8/11/2015,42
1171,6/30/2015,1,7/22/2015,23
1172,6/24/2015,11,8/11/2015,49
1174,7/1/2015,4,8/16/2015,47
1176,3/31/2015,6,7/22/2015,114
1177,7/30/2014,19,8/21/2015,388
1178,7/6/2015,12,7/27/2015,22
1180,7/7/2015,4,7/22/2015,16
1181,7/6/2015,6,8/21/2015,47
1182,6/26/2015,4,8/6/2015,42
1183,5/22/2015,9,8/11/2015,82
1184,6/25/2015,8,8/21/2015,58
1185,6/29/2015,18,8/25/2015,58
1186,7/9/2015,9,8/6/2015,29
1187,7/13/2015,1,7/31/2015,19
1193,6/24/2015,6,7/27/2015,34
1194,7/10/2015,10,9/17/2015,70
1195,7/10/2015,4,8/25/2015,47
1198,7/10/2015,12,8/4/2015,26
1201,7/16/2015,4,9/28/2015,75
1204,7/22/2015,10,8/21/2015,31
1205,7/22/2015,8,9/3/2015,44
1207,6/29/2015,24,8/21/2015,54
1213,7/27/2015,9,8/25/2015,30
1214,6/22/2015,8,8/11/2015,51
1215,7/24/2015,13,8/21/2015,29
1216,7/28/2015,6,9/3/2015,38
1217,7/28/2015,12,8/25/2015,29
1218,7/29/2015,20,8/21/2015,24
1219,7/31/2015,12,9/7/2015,39
1221,7/15/2015,1,9/3/2015,51
1224,7/28/2015,10,8/25/2015,29
1225,8/4/2015,12,9/16/2015,44
1227,7/29/2015,8,8/21/2015,24
1228,8/5/2015,8,8/25/2015,21
1231,8/4/2015,48,10/20/2015,78
1232,8/6/2015,8,9/3/2015,29
1234,8/6/2015,15,9/3/2015,29
1237,8/5/2015,12,9/28/2015,55
1238,7/9/2015,9,9/3/2015,57
1239,8/6/2015,42,10/20/2015,76
1241,7/21/2015,16,9/28/2015,70
1242,8/5/2015,8,9/17/2015,44
1245,8/20/2015,1,9/7/2015,19
1246,8/19/2015,4,10/2/2015,45
1247,8/20/2015,5,9/17/2015,29
1248,8/21/2015,1,10/22/2015,63
1252,8/20/2015,6,9/28/2015,40
1254,8/25/2015,30,9/16/2015,23
1255,8/20/2015,4,9/16/2015,28
1256,8/21/2015,1,9/17/2015,28
1257,2/27/2015,2,9/17/2015,202.9583333
1258,6/17/2015,4,11/4/2015,141.0416667
1260,8/27/2015,12,9/7/2015,12
1261,8/18/2015,18,10/12/2015,56
1262,8/27/2015,4,9/16/2015,21
1263,8/17/2015,1,9/1/2015,16
1264,9/1/2015,26,11/3/2015,64.04166667
1265,9/1/2015,14,10/22/2015,52
1267,9/7/2015,18,10/18/2015,42
1273,9/4/2015,12,10/18/2015,45
1277,8/4/2015,48,10/20/2015,78
1280,9/9/2015,6,10/2/2015,24
1281,8/10/2015,2,10/22/2015,74
1282,9/10/2015,9,10/18/2015,39
1283,8/5/2015,8,11/3/2015,91.04166667
1285,9/4/2015,9,10/18/2015,45
1286,9/10/2015,81,10/22/2015,43
1289,8/31/2015,30,11/2/2015,64.04166667
1297,9/8/2015,40,11/4/2015,58.04166667
1298,8/19/2015,9,9/28/2015,41
1299,9/14/2015,2,10/29/2015,46.04166667
1300,9/17/2015,18,11/6/2015,51.04166667
1302,9/21/2015,14,10/12/2015,22
1303,9/8/2015,1,10/22/2015,45
1304,9/7/2015,2,11/6/2015,61.04166667
1305,9/17/2015,6,11/6/2015,51.04166667
1306,9/17/2015,7,11/6/2015,51.04166667
1307,9/17/2015,6,11/6/2015,51.04166667
1309,9/23/2015,8,11/29/2015,68.04166667
1310,7/14/2015,7,10/2/2015,81
1311,9/7/2015,4,11/16/2015,71.04166667
1312,9/17/2015,8,10/12/2015,26
1313,9/24/2015,4,11/3/2015,41.04166667
1314,9/14/2015,6,10/12/2015,29
1318,8/25/2015,4,11/6/2015,74.04166667
1319,9/30/2015,4,11/16/2015,48.04166667
1321,9/17/2015,8,10/2/2015,16
1322,9/29/2015,12,11/15/2015,48.04166667
1325,9/24/2015,12,11/3/2015,41.04166667
1326,10/1/2015,1,10/18/2015,18
1327,10/1/2015,10,11/29/2015,60.04166667
1331,10/8/2015,6,11/3/2015,27.04166667
1332,10/12/2015,1,11/3/2015,23.04166667
1333,10/13/2015,12,11/29/2015,48.04166667
1334,10/12/2015,1,10/18/2015,7
1335,10/9/2015,4,11/3/2015,26.04166667
1336,10/9/2015,20,3/25/2016,169.0416667
1337,9/29/2015,20,11/3/2015,36.04166667
1338,10/9/2015,4,1/27/2016,111.0416667
1339,9/1/2015,26,11/3/2015,64.04166667
1340,10/12/2015,24,11/15/2015,35.04166667
1341,10/13/2015,18,11/16/2015,35.04166667
1342,10/7/2015,23,1/27/2016,113.0416667
1343,10/6/2015,36,12/16/2015,72.04166667
1344,10/15/2015,13,11/3/2015,20.04166667
1345,10/15/2015,10,11/16/2015,33.04166667
1347,10/14/2015,15,11/16/2015,34.04166667
1349,10/16/2015,2,12/8/2015,54.04166667
1350,10/13/2015,6,11/29/2015,48.04166667
1352,10/1/2015,59,11/16/2015,47.04166667
1353,10/12/2015,16,12/16/2015,66.04166667
1354,10/12/2015,16,12/7/2015,57.04166667
1355,10/12/2015,56,3/23/2016,164.0416667
1357,10/26/2015,55,11/27/2015,33
1360,7/23/2015,18,12/7/2015,138.0416667
1361,10/29/2015,3,11/5/2015,8
1363,10/29/2015,75,5/30/2016,214.9583333
1364,10/28/2015,11,11/2/2015,6
1365,11/2/2015,6,1/27/2016,87
1366,10/9/2015,12,11/27/2015,50.04166667
1367,10/29/2015,18,12/14/2015,47
1368,11/2/2015,5,11/29/2015,28
1369,11/2/2015,22,1/27/2016,87
1371,11/4/2015,35,12/14/2015,41
1372,11/4/2015,4,11/29/2015,26
1373,11/3/2015,12,12/7/2015,35
1374,3/6/2015,12,12/7/2015,277
1375,11/2/2015,4,12/7/2015,36
1376,11/2/2015,4,12/7/2015,36
1377,11/5/2015,15,1/7/2016,64
1378,3/9/2015,12,1/18/2016,316
1379,11/9/2015,5,12/8/2015,30
1381,11/6/2015,24,12/29/2015,54
1382,11/13/2015,8,11/29/2015,17
1383,11/2/2015,6,1/4/2016,64
1384,11/16/2015,4,2/4/2016,81
1385,11/16/2015,9,2/4/2016,81
1386,11/16/2015,2,12/16/2015,31
1389,11/18/2015,32,11/29/2015,12
1391,10/26/2015,2,3/22/2016,149
1392,10/22/2015,2,1/4/2016,75.04166667
1394,11/3/2015,14,2/4/2016,94
1396,3/31/2015,30,1/4/2016,280.0416667
1397,11/9/2015,33,1/4/2016,57
1398,11/20/2015,4,12/29/2015,40
1399,11/18/2015,14,12/29/2015,42
1400,11/19/2015,17,12/7/2015,19
1401,11/16/2015,8,12/14/2015,29
1402,11/23/2015,6,1/4/2016,43
1405,11/10/2015,1,12/8/2015,29
1406,11/25/2015,1,1/27/2016,64
1408,10/8/2015,49,1/18/2016,103.0416667
1409,11/15/2015,6,1/4/2016,51
1412,11/23/2015,5,2/4/2016,74
1413,11/23/2015,5,2/4/2016,74
1415,11/24/2015,2,2/4/2016,73
1416,11/23/2015,5,2/4/2016,74
1417,11/27/2015,3,2/4/2016,70
1418,10/16/2015,10,2/25/2016,133.0416667
1419,11/30/2015,6,12/16/2015,17
1428,12/3/2015,12,12/16/2015,14
1429,11/25/2015,1,3/25/2016,122
1430,11/18/2015,11,1/4/2016,48
1431,12/2/2015,12,1/4/2016,34
1436,12/9/2015,6,12/29/2015,21
1437,12/11/2015,1,1/4/2016,25
1438,12/14/2015,10,2/2/2016,51
1440,12/16/2015,4,2/4/2016,51
1442,12/18/2015,1,1/27/2016,41
1444,12/4/2015,42,4/12/2016,130.9583333
1445,11/10/2015,6,2/2/2016,85
1447,12/22/2015,9,2/26/2016,67
1453,12/18/2015,15,2/26/2016,71
1455,1/5/2016,14,5/30/2016,146.9583333
1456,12/9/2015,12,2/2/2016,56
1457,12/17/2015,6,2/2/2016,48
1460,1/11/2016,5,2/2/2016,23
1461,1/11/2016,21,2/10/2016,31
1463,1/15/2016,8,2/4/2016,21
1464,1/14/2016,4,2/10/2016,28
1465,1/14/2016,6,2/10/2016,28
1466,1/18/2016,1,1/20/2016,3
1467,1/19/2016,8,1/20/2016,2
1468,11/18/2015,14,2/2/2016,77
1469,11/20/2015,4,2/2/2016,75
1470,11/19/2015,12,5/24/2016,187.9583333
1472,1/25/2016,1,2/10/2016,17
1473,9/8/2015,1,2/4/2016,150.0416667
1475,12/16/2015,32,5/24/2016,160.9583333
1476,1/8/2016,8,2/29/2016,53
1477,1/22/2016,24,2/29/2016,39
1478,1/21/2016,1,3/25/2016,65
1481,1/27/2016,17,2/26/2016,31
1482,1/28/2016,4,2/4/2016,8
1483,1/26/2016,12,2/2/2016,8
1486,1/29/2016,5,3/25/2016,57
1487,1/29/2016,12,3/23/2016,55
1488,1/27/2016,2,2/26/2016,31
1489,1/27/2016,2,2/26/2016,31
1490,1/27/2016,2,2/26/2016,31
1491,12/7/2015,18,2/10/2016,66
1499,2/1/2016,39,3/26/2016,55
1500,1/19/2016,9,3/25/2016,67
1501,1/27/2016,7,2/25/2016,30
1502,2/2/2016,1,2/25/2016,24
1503,11/27/2015,10,2/29/2016,95
1505,2/3/2016,5,3/12/2016,39
1506,12/7/2015,1,2/26/2016,82
1507,2/4/2016,12,3/28/2016,53.95833333
1509,11/5/2015,8,2/25/2016,113
1510,1/26/2016,8,2/25/2016,31
1511,1/25/2016,8,2/29/2016,36
1514,2/8/2016,8,2/25/2016,18
1515,2/1/2016,21,3/12/2016,41
1517,12/18/2015,15,2/29/2016,74
1520,2/2/2016,28,4/12/2016,70.95833333
1523,2/11/2016,12,3/26/2016,45
1526,2/18/2016,30,3/12/2016,24
1527,2/12/2016,6,3/12/2016,30
1528,2/24/2016,6,3/25/2016,31
1529,2/16/2016,117,5/30/2016,104.9583333
1530,2/3/2016,6,3/28/2016,54.95833333
1531,2/19/2016,38,6/6/2016,108.9583333
1532,2/25/2016,9,3/23/2016,28
1534,2/19/2016,16,3/23/2016,34
1535,2/16/2016,26,4/7/2016,51.95833333
1536,2/24/2016,24,3/26/2016,32
1537,1/25/2016,9,4/12/2016,78.95833333
1538,2/22/2016,1,3/23/2016,31
1539,2/21/2016,1,3/23/2016,32
1540,2/1/2016,5,3/25/2016,54
1541,2/29/2016,16,3/23/2016,24
1543,2/16/2016,117,4/9/2016,53.95833333
1544,2/15/2016,68,3/19/2016,34
1548,3/2/2016,12,4/26/2016,55.95833333
1549,3/1/2016,3,7/25/2016,146.9583333
1550,3/3/2016,2,4/15/2016,43.95833333
1551,3/7/2016,12,4/7/2016,31.95833333
1552,3/7/2016,18,4/26/2016,50.95833333
1553,3/7/2016,8,4/12/2016,36.95833333
1554,3/7/2016,96,6/24/2016,109.9583333
1555,3/8/2016,8,4/25/2016,48.95833333
1556,3/8/2016,1,3/26/2016,19
1557,3/10/2016,2,3/28/2016,18.95833333
1560,3/14/2016,10,3/15/2016,2
1561,3/11/2016,20,4/7/2016,27.95833333
1563,2/23/2016,2,11/20/2016,272
1567,1/21/2016,1,3/28/2016,67.95833333
1568,1/29/2016,5,3/28/2016,59.95833333
1569,3/16/2016,5,5/10/2016,55.95833333
1570,3/9/2016,12,4/18/2016,40.95833333
1572,10/26/2015,3,3/22/2016,149
1573,3/3/2016,24,5/30/2016,88.95833333
1576,3/4/2016,4,3/28/2016,24.95833333
1577,3/21/2016,8,3/28/2016,7.958333333
1578,3/22/2016,1,5/30/2016,69.95833333
1579,3/21/2016,4,4/12/2016,22.95833333
1580,3/10/2016,4,4/25/2016,46.95833333
1581,3/14/2016,9,5/24/2016,71.95833333
1582,1/18/2016,4,4/12/2016,85.95833333
1586,3/15/2016,3,4/25/2016,41.95833333
1587,2/25/2016,1,3/31/2016,35.95833333
1589,3/21/2016,26,4/25/2016,35.95833333
1591,3/31/2016,1,4/7/2016,8
1592,1/29/2016,5,4/25/2016,87.95833333
1593,10/27/2015,24,5/10/2016,196.9583333
1594,4/4/2016,6,5/19/2016,46
1596,3/14/2016,72,5/19/2016,66.95833333
1597,4/4/2016,1,4/12/2016,9
1598,4/4/2016,1,4/12/2016,9
1599,2/17/2016,4,7/19/2016,153.9583333
1600,3/29/2016,4,7/19/2016,113
1601,3/26/2016,8,4/26/2016,31.95833333
1602,3/26/2016,8,4/26/2016,31.95833333
1604,4/4/2016,44,5/10/2016,37
1605,4/7/2016,1,4/26/2016,20
1608,4/7/2016,13,4/26/2016,20
1609,4/11/2016,1,4/26/2016,16
1610,4/13/2016,1,4/26/2016,14
1612,4/14/2016,5,5/30/2016,47
1613,4/13/2016,10,4/26/2016,14
1614,1/21/2016,14,6/24/2016,155.9583333
1615,4/15/2016,87,4/16/2016,2
1616,4/14/2016,15,5/19/2016,36
1617,4/15/2016,2,4/26/2016,12
1618,4/13/2016,6,5/30/2016,48
1619,4/7/2016,12,5/24/2016,48
1622,4/18/2016,24,5/24/2016,37
1623,4/19/2016,20,5/10/2016,22
1626,11/25/2015,10,5/30/2016,187.9583333
1629,4/25/2016,10,7/9/2016,76
1631,4/25/2016,8,5/30/2016,36
1632,4/25/2016,2,5/24/2016,30
1633,4/21/2016,24,12/26/2016,250.0416667
1635,4/23/2016,1,6/6/2016,45
1636,4/26/2016,20,8/9/2016,106
1639,4/28/2016,24,5/10/2016,13
1640,4/26/2016,1,5/22/2016,27
1641,4/26/2016,1,5/22/2016,27
1642,5/1/2016,1,5/22/2016,22
1643,5/2/2016,1,5/22/2016,21
1644,4/26/2016,96,5/22/2016,27
1649,5/3/2016,7,5/24/2016,22
1650,4/26/2016,5,5/24/2016,29
1651,5/3/2016,4,5/24/2016,22
1657,4/29/2016,4,5/24/2016,26
1658,5/3/2016,22,5/30/2016,28
1660,4/29/2016,8,5/11/2016,13
1664,5/3/2016,20,6/21/2016,50
1665,3/22/2016,26,6/21/2016,91.95833333
1666,5/12/2016,182,7/19/2016,69
1670,5/10/2016,12,6/6/2016,28
1671,5/2/2016,10,6/19/2016,49
1672,5/12/2016,4,5/30/2016,19
1673,3/31/2016,12,6/6/2016,68
1675,5/12/2016,2,6/6/2016,26
1676,5/12/2016,4,6/13/2016,33
1677,5/12/2016,16,6/13/2016,33
1678,5/18/2016,21,5/30/2016,13
1679,5/6/2016,8,6/13/2016,39
1681,11/18/2015,6,6/6/2016,201.9583333
1682,4/25/2016,6,6/6/2016,43
1684,5/23/2016,5,5/30/2016,8
1687,5/23/2016,4,6/6/2016,15
1688,5/23/2016,6,6/19/2016,28
1690,5/17/2016,16,6/19/2016,34
1691,4/27/2016,8,6/6/2016,41
1692,5/6/2016,4,6/6/2016,32
1693,2/17/2016,16,7/25/2016,159.9583333
1695,5/23/2016,64,7/9/2016,48
1696,5/12/2016,7,7/16/2016,66
1697,5/31/2016,5,6/6/2016,7
1698,6/2/2016,42,7/3/2016,32
1699,4/25/2016,10,7/9/2016,76
1700,5/26/2016,96,7/24/2016,60
1701,6/3/2016,11,8/24/2016,83
1702,6/3/2016,5,6/13/2016,11
1704,6/3/2016,4,6/13/2016,11
1705,6/3/2016,4,6/13/2016,11
1706,6/6/2016,3,7/3/2016,28
1707,6/6/2016,8,6/12/2016,7
1709,6/7/2016,8,6/24/2016,18
1710,5/12/2016,24,6/24/2016,44
1712,6/10/2016,2,7/16/2016,37
1713,6/9/2016,48,8/9/2016,62
1715,6/14/2016,18,8/9/2016,57
1716,6/14/2016,12,7/25/2016,42
1717,6/14/2016,24,7/16/2016,33
1718,6/15/2016,2,6/15/2016,1
1720,6/10/2016,6,7/22/2016,43
1723,6/20/2016,7,7/19/2016,30
1724,6/21/2016,8,6/23/2016,3
1725,5/23/2016,15,7/25/2016,64
1726,6/17/2016,21,7/9/2016,23
1727,6/27/2016,15,7/16/2016,20
1732,6/24/2016,12,8/17/2016,55
1733,5/13/2016,20,7/16/2016,65
1734,6/24/2016,12,7/11/2016,18
1735,6/30/2016,3,7/19/2016,20
1736,6/17/2016,11,7/19/2016,33
1737,7/4/2016,30,7/24/2016,21
1738,7/7/2016,36,8/24/2016,49
1739,7/11/2016,51,7/25/2016,15
1740,7/7/2016,12,7/25/2016,19
1742,6/23/2016,2,8/22/2016,61
1743,6/26/2016,7,8/9/2016,45
1744,7/12/2016,4,10/3/2016,84
1745,7/12/2016,20,9/5/2016,56
1746,6/29/2016,15,8/22/2016,55
1747,7/12/2016,1,8/21/2016,41
1748,7/12/2016,10,8/25/2016,45
1750,7/14/2016,36,8/22/2016,40
1752,7/14/2016,1,7/22/2016,9
1753,7/18/2016,28,7/19/2016,2
1754,7/12/2016,12,8/25/2016,45
1755,7/13/2016,10,8/25/2016,44
1756,7/19/2016,10,8/9/2016,22
1766,7/24/2016,96,7/25/2016,2
1768,7/22/2016,7,10/24/2016,95
1769,6/30/2016,200,8/2/2016,34
1770,7/25/2016,1,8/24/2016,31
1771,7/27/2016,6,8/22/2016,27
1774,7/27/2016,25,7/28/2016,2
1775,7/27/2016,26,8/6/2016,11
1776,7/20/2016,30,8/9/2016,21
1777,7/28/2016,12,9/18/2016,53
1779,7/26/2016,32,8/17/2016,23
1780,8/1/2016,10,8/27/2016,27
1781,7/28/2016,1,8/9/2016,13
1783,7/29/2016,3,8/9/2016,12
1784,8/27/2016,21,10/25/2016,60
1785,8/2/2016,34,9/8/2016,38
1786,8/3/2016,10,9/8/2016,37
1788,8/3/2016,2,8/25/2016,23
1789,7/19/2016,383,8/21/2016,34
1790,8/5/2016,11,8/22/2016,18
1791,5/20/2016,36,8/22/2016,95
1792,8/8/2016,20,8/21/2016,14
1793,7/26/2016,33,9/8/2016,45
1794,8/9/2016,8,8/11/2016,3
1795,8/9/2016,6,9/5/2016,28
1798,8/10/2016,4,10/24/2016,76
1799,8/9/2016,20,9/23/2016,46
1800,8/11/2016,2,8/24/2016,14
1801,8/15/2016,11,8/25/2016,11
1803,8/16/2016,4,10/3/2016,49
1804,8/16/2016,12,9/8/2016,24
1806,8/9/2016,15,11/20/2016,104.0416667
1807,8/17/2016,10,8/25/2016,9
1808,8/17/2016,118,8/30/2016,14
1810,8/23/2016,12,9/8/2016,17
1811,5/19/2016,6,12/16/2016,212.0416667
1812,8/24/2016,3,10/3/2016,41
1813,8/20/2016,35,9/5/2016,17
1814,8/24/2016,30,10/27/2016,65
1815,8/3/2016,10,9/22/2016,51
1816,8/24/2016,8,9/25/2016,33
1817,8/23/2016,24,9/25/2016,34
1818,8/2/2016,192,9/27/2016,57
1819,8/11/2016,24,9/5/2016,26
1822,8/23/2016,8,10/23/2016,62
1823,8/25/2016,5,10/23/2016,60
1824,8/25/2016,12,10/15/2016,52
1825,8/29/2016,8,8/31/2016,3
1826,8/26/2016,6,10/23/2016,59
1827,8/29/2016,19,12/16/2016,110.0416667
1828,8/30/2016,12,10/23/2016,55
1829,8/29/2016,12,9/28/2016,31
1830,8/26/2016,8,10/25/2016,61
1831,8/26/2016,8,10/25/2016,61
1833,9/1/2016,7,9/18/2016,18
1838,9/1/2016,120,10/25/2016,55
1839,9/2/2016,40,9/18/2016,17
1840,5/12/2016,136,9/13/2016,125
1841,8/31/2016,9,9/27/2016,28
1842,9/6/2016,12,10/25/2016,50
1845,9/7/2016,30,12/18/2016,103.0416667
1846,9/8/2016,40,10/23/2016,46
1847,8/17/2016,10,9/13/2016,28
1848,9/6/2016,4,9/13/2016,8
1849,9/13/2016,1,9/13/2016,1
1852,8/24/2016,7,9/13/2016,21
1853,8/9/2016,9,9/15/2016,38
1858,9/13/2016,45,11/5/2016,54.04166667
1859,9/12/2016,3,10/25/2016,44
1860,9/2/2016,5,9/27/2016,26
1861,9/1/2016,1,10/23/2016,53
1862,9/15/2016,1,9/27/2016,13
1863,5/24/2016,8,9/28/2016,128
1864,7/18/2016,1,9/16/2016,61
1865,9/16/2016,1,9/28/2016,13
1866,9/7/2016,2,10/3/2016,27
1870,9/13/2016,9,10/23/2016,41
1872,9/6/2016,60,10/25/2016,50
1873,9/12/2016,18,10/27/2016,46
1874,9/15/2016,2,12/16/2016,93.04166667
1875,8/26/2016,12,10/27/2016,63
1876,9/20/2016,3,9/20/2016,1
1877,9/19/2016,11,9/28/2016,10
1878,9/19/2016,8,10/23/2016,35
1879,9/21/2016,2,12/10/2016,81.04166667
1880,7/7/2016,10,11/7/2016,124.0416667
1884,9/22/2016,1,12/3/2016,73.04166667
1886,9/23/2016,5,10/15/2016,23
1887,9/23/2016,8,9/29/2016,7
1888,9/23/2016,1,12/3/2016,72.04166667
1889,9/26/2016,10,10/27/2016,32
1891,9/26/2016,24,12/10/2016,76.04166667
1892,7/22/2016,5,12/18/2016,150.0416667
1894,9/26/2016,12,10/26/2016,31
1895,9/7/2016,18,12/1/2016,86.04166667
1896,9/28/2016,8,10/12/2016,15
1897,9/28/2016,1,10/25/2016,28
1898,9/28/2016,21,10/15/2016,18
1899,10/3/2016,4,10/25/2016,23
1900,10/3/2016,5,10/25/2016,23
1901,10/4/2016,6,11/5/2016,33.04166667
1902,10/3/2016,12,10/27/2016,25
1903,10/4/2016,1,12/3/2016,61.04166667
1904,10/5/2016,16,12/18/2016,75.04166667
1905,10/4/2016,20,10/26/2016,23
1906,10/4/2016,8,12/3/2016,61.04166667
1909,10/6/2016,1,10/25/2016,20
1910,9/30/2016,8,10/25/2016,26
1912,10/10/2016,30,12/16/2016,68.04166667
1913,10/10/2016,8,2/23/2017,137.0416667
1914,10/10/2016,8,1/16/2017,99.04166667
1922,10/10/2016,8,11/24/2016,46.04166667
1926,10/17/2016,8,10/31/2016,15.04166667
1927,10/18/2016,8,11/5/2016,19.04166667
1928,10/18/2016,12,11/5/2016,19.04166667
1930,10/18/2016,13,12/10/2016,54.04166667
1931,10/13/2016,2,12/3/2016,52.04166667
1932,10/5/2016,57,11/24/2016,51.04166667
1934,7/20/2016,30,11/5/2016,109.0416667
1935,9/23/2016,4,12/16/2016,85.04166667
1937,10/23/2016,6,11/5/2016,14.04166667
1938,10/21/2016,3,12/3/2016,44.04166667
1939,10/5/2016,57,11/26/2016,53.04166667
1941,10/10/2016,30,12/16/2016,68.04166667
1942,10/13/2016,18,1/16/2017,96.04166667
1944,10/21/2016,93,12/23/2016,64.04166667
1945,9/30/2016,77,11/14/2016,46.04166667
1946,10/26/2016,33,11/14/2016,20.04166667
1947,10/18/2016,7,11/20/2016,34.04166667
1949,10/27/2016,4,12/11/2016,46.04166667
1950,10/27/2016,1,11/24/2016,29.04166667
1951,10/27/2016,15,12/20/2016,55.04166667
1955,10/24/2016,6,11/12/2016,20.04166667
1956,10/26/2016,69,11/12/2016,18.04166667
1957,10/25/2016,14,12/10/2016,47.04166667
1958,9/29/2016,1,12/20/2016,83.04166667
1959,10/28/2016,4,12/23/2016,57.04166667
1960,10/12/2016,16,1/25/2017,106.0416667
1961,11/1/2016,6,12/5/2016,35
1962,9/6/2016,12,11/30/2016,86.04166667
1963,11/1/2016,6,12/10/2016,40
1965,10/25/2016,28,12/18/2016,55.04166667
1967,11/2/2016,1,11/30/2016,29
1968,11/2/2016,6,11/11/2016,10
1970,11/4/2016,68,11/11/2016,8
1971,11/3/2016,12,1/16/2017,75
1972,3/22/2016,26,12/16/2016,270
1973,5/3/2016,20,12/16/2016,228.0416667
1974,11/7/2016,6,1/23/2017,78
1975,10/3/2016,1,11/8/2016,37.04166667
1977,11/4/2016,12,12/16/2016,43
1978,10/12/2016,16,12/20/2016,70.04166667
1980,11/7/2016,2,12/20/2016,44
1981,11/10/2016,11,11/15/2016,6
1983,11/14/2016,12,12/10/2016,27
1984,11/10/2016,16,1/23/2017,75
1986,11/10/2016,8,11/15/2016,6
1987,11/10/2016,2,11/15/2016,6
1992,6/17/2015,4,11/23/2016,526.0416667
1996,11/21/2016,6,12/18/2016,28
1997,10/10/2016,8,2/23/2017,137.0416667
1998,11/21/2016,2,8/8/2017,260.9583333
1999,11/21/2016,13,1/16/2017,57
2001,11/23/2016,4,2/9/2017,79
2003,9/14/2016,24,12/20/2016,98.04166667
2007,11/23/2016,12,12/26/2016,34
2010,11/22/2016,9,3/28/2017,126.9583333
2011,10/25/2016,4,1/30/2017,98.04166667
2013,11/25/2016,1,1/23/2017,60
2014,11/25/2016,1,1/23/2017,60
2015,11/24/2016,4,3/28/2017,124.9583333
2016,11/25/2016,4,3/28/2017,123.9583333
2017,11/25/2016,9,1/25/2017,62
2019,12/1/2016,112,12/3/2016,3
2020,12/1/2016,15,12/3/2016,3
2023,12/2/2016,10,12/17/2016,16
2025,12/5/2016,10,12/5/2016,1
2026,12/5/2016,1,12/5/2016,1
2027,8/2/2016,21,4/5/2017,247
2029,12/6/2016,7,12/8/2016,3
2030,12/8/2016,6,3/28/2017,110.9583333
2031,12/8/2016,101,12/16/2016,9
2033,12/9/2016,13,12/10/2016,2
2034,12/4/2016,1,12/13/2016,10
2035,12/6/2016,12,1/25/2017,51
2036,12/12/2016,32,2/28/2017,79
2037,12/9/2016,1,12/17/2016,9
2038,11/28/2016,30,2/9/2017,74
2039,11/30/2016,30,2/9/2017,72
2041,12/14/2016,3,3/22/2017,99
2042,12/14/2016,152,12/26/2016,13
2043,11/3/2016,1,1/16/2017,75
2044,12/15/2016,22,2/9/2017,57
2045,12/15/2016,8,1/21/2017,38
2047,12/15/2016,29,4/12/2017,118.9583333
2048,11/17/2016,2,1/25/2017,70
2049,10/12/2016,16,1/25/2017,106.0416667
2050,11/10/2016,12,1/16/2017,68
2051,8/29/2016,19,1/25/2017,150.0416667
2052,12/14/2016,4,1/23/2017,41
2053,12/14/2016,16,1/30/2017,48
2054,12/19/2016,5,1/23/2017,36
2055,12/19/2016,4,2/9/2017,53
2057,12/9/2016,12,1/21/2017,44
2058,11/25/2016,3,4/28/2017,154.9583333
2059,12/19/2016,1,3/28/2017,99.95833333
2060,12/19/2016,61,2/17/2017,61
2061,12/15/2016,6,1/21/2017,38
2062,12/14/2016,9,1/31/2017,49
2063,12/15/2016,5,3/22/2017,98
2064,12/19/2016,48,4/28/2017,130.9583333
2069,12/21/2016,4,2/11/2017,53
2070,12/21/2016,12,1/23/2017,34
2071,12/5/2016,28,1/30/2017,57
2073,12/16/2016,10,1/21/2017,37
2074,12/19/2016,8,1/21/2017,34
2077,12/20/2016,7,1/30/2017,42
2079,12/21/2016,2,1/9/2017,20
2081,1/5/2017,30,1/21/2017,17
2082,1/10/2017,8,1/31/2017,22
2083,11/9/2016,10,1/10/2017,63
2084,1/10/2017,5,1/23/2017,14
2085,11/21/2016,41,1/17/2017,58
2089,1/3/2017,32,1/23/2017,21
2090,12/13/2016,120,2/11/2017,61
2091,1/23/2017,12,2/9/2017,18
2092,11/17/2016,32,3/2/2017,106
2093,11/17/2016,32,3/22/2017,126
2094,7/21/2016,15,2/17/2017,212.0416667
2095,12/9/2016,2,3/2/2018,449
2096,12/9/2016,1,3/28/2017,109.9583333
2097,1/9/2017,96,1/25/2017,17
2098,1/16/2017,8,1/31/2017,16
2099,9/14/2016,24,2/11/2017,151.0416667
2100,1/18/2017,19,3/22/2017,64
2101,7/14/2016,36,5/12/2017,303
2102,1/18/2017,6,2/9/2017,23
2103,12/20/2016,4,1/31/2017,43
2104,1/11/2017,2,1/30/2017,20
2105,10/18/2016,13,2/9/2017,115.0416667
2106,1/11/2017,17,3/22/2017,71
2107,12/21/2016,16,2/17/2017,59
2108,1/16/2017,24,3/22/2017,66
2109,1/23/2017,2,3/22/2017,59
2110,11/25/2016,4,3/28/2017,123.9583333
2111,12/12/2016,9,1/31/2017,51
2112,12/12/2016,9,1/31/2017,51
2113,7/21/2016,15,3/22/2017,245.0416667
2114,1/19/2017,8,1/31/2017,13
2115,1/19/2017,3,2/8/2017,21
2117,1/23/2017,24,5/12/2017,109.9583333
2118,1/26/2017,6,2/25/2017,31
2120,12/5/2016,13,2/17/2017,75
2121,7/14/2016,36,5/12/2017,303
2122,1/31/2017,2,1/31/2017,1
2123,1/31/2017,2,1/31/2017,1
2128,1/31/2017,12,3/2/2017,31
2129,2/1/2017,12,2/17/2017,17
2136,1/30/2017,36,2/23/2017,25
2137,12/20/2016,12,2/17/2017,60
2138,1/10/2017,20,2/17/2017,39
2139,2/7/2017,2,3/22/2017,44
2140,2/7/2017,8,2/9/2017,3
2141,2/6/2017,9,3/22/2017,45
2142,2/8/2017,7,2/18/2017,11
2144,1/31/2017,7,2/10/2017,11
2145,2/8/2017,6,3/22/2017,43
2146,2/8/2017,28,4/28/2017,79.95833333
2151,2/23/2016,15,3/6/2017,378
2154,2/13/2017,3,2/18/2017,6
2155,2/16/2017,11,2/25/2017,10
2156,2/15/2017,196,2/24/2017,10
2157,2/8/2017,1,2/23/2017,16
2158,2/16/2017,24,3/22/2017,35
2159,2/10/2017,48,2/23/2017,14
2160,2/2/2017,4,4/28/2017,85.95833333
2164,2/22/2017,3,2/24/2017,3
2166,2/15/2017,1,5/12/2017,86.95833333
2167,2/23/2017,5,3/28/2017,33.95833333
2168,11/30/2016,4,3/28/2017,118.9583333
2169,2/27/2017,11,3/4/2017,6
2170,1/30/2017,25,5/12/2017,102.9583333
2171,2/24/2017,14,3/2/2017,7
2172,2/27/2017,1,3/28/2017,29.95833333
2173,3/1/2017,184,3/22/2017,22
2174,3/1/2017,47,3/22/2017,22
2175,11/1/2016,3,3/22/2017,142
2176,2/21/2017,10,3/28/2017,35.95833333
2177,3/2/2017,9,3/9/2017,8
2178,2/28/2017,13,3/22/2017,23
2179,3/2/2017,34,4/17/2017,46.95833333
2182,3/1/2017,11,3/28/2017,27.95833333
2183,3/6/2017,9,3/9/2017,4
2186,3/3/2017,15,5/12/2017,70.95833333
2190,3/7/2017,7,3/28/2017,21.95833333
2191,10/27/2016,192,8/8/2017,286
2194,3/6/2017,16,3/28/2017,22.95833333
2196,12/5/2016,28,3/28/2017,113.9583333
2200,3/2/2017,38,4/29/2017,58.95833333
2201,2/26/2017,14,3/28/2017,30.95833333
2202,3/3/2017,38,5/13/2017,71.95833333
2203,2/8/2017,12,5/15/2017,96.95833333
2204,10/27/2016,192,8/8/2017,286
2205,2/23/2017,19,4/24/2017,60.95833333
2208,3/8/2017,5,3/13/2017,6
2211,3/9/2017,2,3/13/2017,5
2212,3/13/2017,2,3/17/2017,5
2213,2/21/2017,1,3/13/2017,21
2214,3/13/2017,9,3/14/2017,2
2215,3/13/2017,10,3/24/2017,12
2216,3/8/2017,30,5/19/2017,72.95833333
2217,11/17/2016,32,6/7/2017,202.9583333
2218,3/3/2017,42,5/19/2017,77.95833333
2220,3/15/2017,1,3/21/2017,7
2221,3/7/2017,23,5/12/2017,66.95833333
2222,11/25/2016,1,3/21/2017,117
2223,3/14/2017,5,7/2/2017,110.9583333
2224,3/9/2017,24,7/10/2017,123.9583333
2225,3/16/2017,1,6/7/2017,83.95833333
2226,3/21/2017,87,3/27/2017,6.958333333
2227,3/21/2017,3,3/28/2017,7.958333333
2228,3/13/2017,3,3/22/2017,10
2229,2/25/2017,1,3/22/2017,26
2230,3/21/2017,1,4/30/2017,40.95833333
2231,3/22/2017,2,5/19/2017,58.95833333
2232,3/3/2017,24,3/30/2017,27.95833333
2233,3/23/2017,4,3/30/2017,7.958333333
2234,3/20/2017,1,5/14/2017,55.95833333
2235,3/20/2017,10,5/15/2017,56.95833333
2236,1/31/2017,48,5/12/2017,101.9583333
2237,3/16/2017,12,5/13/2017,58.95833333
2238,1/4/2017,16,4/28/2017,114.9583333
2240,12/20/2016,6,4/5/2017,106.9583333
2241,3/28/2017,1,3/28/2017,1
2242,1/30/2017,25,5/12/2017,102.9583333
2243,3/20/2017,12,4/24/2017,35.95833333
2245,3/30/2017,4,5/18/2017,50
2246,3/30/2017,6,4/11/2017,13
2248,3/30/2017,6,4/11/2017,13
2249,3/30/2017,6,4/11/2017,13
2250,3/16/2017,12,5/13/2017,58.95833333
2251,2/28/2017,13,4/24/2017,55.95833333
2252,3/9/2017,42,5/19/2017,71.95833333
2253,3/27/2017,4,5/15/2017,50
2254,2/27/2017,19,4/11/2017,43.95833333
2255,11/17/2016,32,6/7/2017,202.9583333
2256,4/3/2017,6,5/14/2017,42
2257,3/24/2017,24,4/24/2017,31.95833333
2258,4/3/2017,8,6/7/2017,66
2259,4/4/2017,5,4/17/2017,14
2262,4/4/2017,9,4/5/2017,2
2263,4/4/2017,96,4/11/2017,8
2264,4/4/2017,46,4/12/2017,9
2266,3/29/2017,6,4/6/2017,9
2267,4/6/2017,2,6/27/2017,83
2268,4/6/2017,12,5/19/2017,44
2272,4/6/2017,18,4/21/2017,16
2273,4/4/2017,14,6/7/2017,65
2274,4/7/2017,4,4/17/2017,11
2275,4/4/2017,2,4/17/2017,14
2276,3/30/2017,27,6/9/2017,72
2277,4/6/2017,28,6/16/2017,72
2278,4/6/2017,28,6/7/2017,63
2279,4/7/2017,12,4/10/2017,4
2281,3/31/2017,80,6/26/2017,88
2284,4/5/2017,2,4/28/2017,24
2285,4/10/2017,4,4/16/2017,7
2286,4/4/2017,4,5/15/2017,42
2289,4/10/2017,87,5/19/2017,40
2290,3/19/2017,2,5/15/2017,57.95833333
2292,4/12/2017,24,5/26/2017,45
2293,4/3/2017,17,6/9/2017,68
2295,3/14/2017,39,4/23/2017,40.95833333
2296,4/5/2017,78,5/1/2017,27
2297,4/19/2017,9,4/28/2017,10
2298,4/19/2017,4,5/25/2017,37
2299,4/12/2017,20,5/26/2017,45
2300,5/18/2017,10,7/2/2017,46
2303,4/19/2017,119,5/25/2017,37
2305,4/19/2017,2,5/14/2017,26
2307,7/21/2016,15,6/18/2017,333
2308,7/21/2016,15,6/18/2017,333
2309,4/18/2017,30,6/10/2017,54
2310,3/16/2017,12,5/13/2017,58.95833333
2311,4/19/2017,192,5/14/2017,26
2313,11/7/2016,2,5/14/2017,188.9583333
2318,3/7/2017,8,6/18/2017,103.9583333
2319,3/27/2017,36,5/26/2017,61
2321,3/27/2017,6,5/26/2017,61
2323,4/26/2017,12,6/18/2017,54
2324,4/27/2017,12,6/14/2017,49
2325,4/27/2017,2,7/12/2017,77
2326,4/27/2017,49,5/4/2017,8
2327,4/27/2017,2,6/27/2017,62
2328,5/2/2017,12,5/10/2017,9
2329,3/22/2016,26,6/7/2017,442.9583333
2330,5/3/2016,20,6/7/2017,401
2331,5/2/2017,36,6/18/2017,48
2332,3/24/2017,2,6/27/2017,95.95833333
2333,3/24/2017,10,5/26/2017,63.95833333
2334,3/24/2017,10,5/26/2017,63.95833333
2335,5/9/2017,8,5/12/2017,4
2337,5/9/2017,8,5/11/2017,3
2339,5/9/2017,90,5/9/2017,1
2340,5/10/2017,1,7/12/2017,64
2341,5/10/2017,25,6/15/2017,37
2342,5/8/2017,12,6/18/2017,42
2346,3/14/2017,864,6/27/2017,105.9583333
2348,4/24/2017,8,5/29/2017,36
2352,5/12/2017,2,5/29/2017,18
2353,4/28/2017,2,6/27/2017,61
2354,5/10/2017,6,6/27/2017,49
2356,5/14/2017,32,10/25/2017,165
2357,5/10/2017,3,5/26/2017,17
2359,5/15/2017,50,6/13/2017,30
2361,1/18/2017,16,7/16/2017,179.9583333
2362,4/26/2017,6,7/2/2017,68
2363,5/18/2017,48,6/4/2017,18
2364,5/19/2017,10,5/31/2017,13
2365,5/19/2017,10,6/18/2017,31
2366,5/19/2017,11,7/23/2017,66
2367,5/19/2017,6,7/10/2017,53
2368,5/23/2017,27,7/2/2017,41
2371,5/23/2017,15,7/2/2017,41
2373,5/24/2017,4,5/25/2017,2
2374,5/9/2017,16,7/2/2017,55
2375,5/24/2017,8,9/21/2017,121
2377,5/29/2017,9,6/11/2017,14
2379,5/29/2017,48,6/13/2017,16
2381,6/1/2017,20,9/14/2017,106
2382,5/17/2017,4,6/27/2017,42
2384,4/27/2017,8,8/8/2017,104
2387,6/6/2017,35,7/21/2017,46
2389,6/7/2017,4,7/2/2017,26
2392,5/30/2017,5,7/23/2017,55
2393,6/8/2017,16,7/12/2017,35
2394,5/30/2017,96,7/19/2017,51
2395,6/8/2017,6,8/16/2017,70
2398,6/12/2017,10,8/11/2017,61
2399,6/13/2017,5,6/26/2017,14
2400,6/13/2017,14,8/6/2017,55
2402,4/13/2017,6,7/2/2017,81
2404,5/2/2017,36,6/18/2017,48
2408,6/11/2017,15,7/3/2017,23
2409,6/14/2017,19,8/25/2017,73
2410,4/26/2017,20,11/12/2017,201.0416667
2411,6/15/2017,20,11/12/2017,151.0416667
2412,6/12/2017,14,8/6/2017,56
2414,7/3/2017,38,8/25/2017,54
2415,6/19/2017,96,7/10/2017,22
2417,6/22/2017,40,8/6/2017,46
2420,6/22/2017,6,7/3/2017,12
2422,6/7/2017,40,11/13/2017,160.0416667
2423,6/7/2017,39,10/31/2017,147.0416667
2424,6/26/2017,64,7/4/2017,9
2426,6/26/2017,3,9/1/2017,68
2427,6/27/2017,12,7/19/2017,23
2428,6/27/2017,24,7/21/2017,25
2429,6/27/2017,30,7/10/2017,14
2430,6/27/2017,10,6/29/2017,3
2431,6/28/2017,5,7/12/2017,15
2432,6/28/2017,5,7/3/2017,6
2435,11/30/2016,1,7/10/2017,222.9583333
2436,6/28/2017,4,8/8/2017,42
2437,4/19/2017,1,7/12/2017,85
2438,6/30/2017,16,7/3/2017,4
2440,10/5/2016,57,7/21/2017,290
2442,6/30/2017,18,6/7/2018,343
2447,7/4/2017,5,7/23/2017,20
2448,7/4/2017,7,7/6/2017,3
2449,7/4/2017,18,9/25/2017,84
2452,6/1/2017,8,7/20/2017,50
2453,7/7/2017,11,7/23/2017,17
2454,7/7/2017,1,8/8/2017,33
2455,7/7/2017,12,9/9/2017,65
2458,7/10/2017,45,9/25/2017,78
2459,7/10/2017,7,8/25/2017,47
2460,7/10/2017,12,8/8/2017,30
2461,7/11/2017,19,8/6/2017,27
2463,7/13/2017,25,9/3/2017,53
2464,7/13/2017,13,7/23/2017,11
2466,7/7/2017,4,8/1/2017,26
2470,4/7/2017,10,11/21/2017,229.0416667
2474,11/24/2016,4,8/30/2017,279.9583333
2475,7/21/2017,3,8/8/2017,19
2476,7/21/2017,6,11/18/2017,121.0416667
2477,7/21/2017,9,8/25/2017,36
2479,7/17/2017,18,9/3/2017,49
2480,7/23/2017,36,7/25/2017,3
2481,7/21/2017,200,10/16/2017,88
2482,7/21/2017,40,9/1/2017,43
2484,7/19/2017,1,8/10/2017,23
2485,7/26/2017,19,8/8/2017,14
2487,7/26/2017,36,7/27/2017,2
2488,7/26/2017,24,9/29/2017,66
2492,8/2/2017,36,8/3/2017,2
2493,8/3/2017,350,8/16/2017,14
2494,8/3/2017,26,9/29/2017,58
2496,7/10/2017,46,9/25/2017,78
2498,8/3/2017,15,8/25/2017,23
2499,8/3/2017,36,8/4/2017,2
2500,7/17/2017,8,4/3/2018,261
2501,8/2/2017,2,8/21/2017,20
2503,8/3/2017,350,8/16/2017,14
2504,8/8/2017,19,9/29/2017,53
2506,8/7/2017,13,10/3/2017,58
2507,8/8/2017,13,9/25/2017,49
2508,8/2/2017,20,8/17/2017,16
2509,8/3/2017,3,9/25/2017,54
2510,8/9/2017,4,8/11/2017,3
2511,8/8/2017,13,11/4/2017,89.04166667
2513,8/11/2017,2,9/1/2017,22
2514,8/10/2017,2,9/1/2017,23
2515,8/11/2017,9,9/25/2017,46
2517,8/3/2017,350,9/10/2017,39
2518,8/3/2017,350,9/10/2017,39
2519,8/14/2017,9,9/29/2017,47
2520,8/16/2017,2,9/10/2017,26
2523,8/8/2017,10,9/25/2017,49
2525,8/17/2017,4,9/1/2017,16
2527,8/17/2017,4,9/1/2017,16
2529,8/17/2017,4,9/1/2017,16
2530,7/2/2017,65,10/8/2017,99
2533,8/18/2017,112,9/3/2017,17
2536,3/8/2017,30,9/2/2017,178.9583333
2544,8/24/2017,25,10/8/2017,46
2546,7/20/2017,5,9/29/2017,72
2552,8/25/2017,14,9/2/2017,9
2553,8/22/2017,1,12/25/2017,126.0416667
2554,8/24/2017,9,5/31/2018,281
2555,8/21/2017,16,9/25/2017,36
2556,8/24/2017,16,11/13/2017,82.04166667
2557,8/24/2017,8,12/11/2017,110.0416667
2558,8/23/2017,61,10/7/2017,46
2561,8/29/2017,31,11/13/2017,77.04166667
2562,8/22/2017,40,9/2/2017,12
2566,8/25/2017,15,9/25/2017,32
2568,8/31/2017,1,10/3/2017,34
2569,7/27/2017,47,9/1/2017,37
2572,6/19/2017,5,10/8/2017,112
2574,9/4/2017,8,9/25/2017,22
2575,8/31/2017,11,11/5/2017,67.04166667
2576,8/11/2017,9,9/29/2017,50
2577,8/11/2017,9,9/29/2017,50
2578,8/30/2017,21,11/25/2017,88.04166667
2579,7/21/2017,200,10/27/2017,99
2580,7/21/2017,200,10/27/2017,99
2581,9/3/2017,35,11/4/2017,63.04166667
2582,8/14/2017,46,11/13/2017,92.04166667
2583,9/6/2017,6,10/3/2017,28
2584,9/7/2017,17,11/13/2017,68.04166667
2587,8/31/2017,7,9/9/2017,10
2588,8/31/2017,7,9/9/2017,10
2589,9/8/2017,15,10/30/2017,53.04166667
2590,9/12/2017,8,9/13/2017,2
2591,9/4/2017,19,2/4/2018,154.0416667
2593,9/13/2017,7,9/18/2017,6
2594,9/13/2017,12,11/13/2017,62.04166667
2595,9/7/2017,31,10/7/2017,31
2596,9/12/2017,17,12/11/2017,91.04166667
2597,9/12/2017,1,9/21/2017,10
2599,9/18/2017,9,11/5/2017,49.04166667
2602,9/15/2017,16,11/13/2017,60.04166667
2603,9/18/2017,31,11/27/2017,71.04166667
2604,9/15/2017,21,11/20/2017,67.04166667
2605,9/22/2017,31,11/27/2017,67.04166667
2608,9/27/2017,9,9/28/2017,2
2609,9/18/2017,24,10/2/2017,15
2610,9/7/2017,34,11/6/2017,61.04166667
2611,9/25/2017,1,10/31/2017,37.04166667
2615,9/25/2017,19,11/25/2017,62.04166667
2616,9/27/2017,15,12/2/2017,67.04166667
2619,9/6/2017,14,11/20/2017,76.04166667
2622,9/21/2017,36,10/30/2017,40.04166667
2623,10/2/2017,24,10/16/2017,15
2624,10/2/2017,18,10/8/2017,7
2625,10/3/2017,1,11/5/2017,34.04166667
2626,10/3/2017,1,10/16/2017,14
2627,9/29/2017,9,12/11/2017,74.04166667
2628,10/3/2017,96,10/16/2017,14
2629,11/14/2016,90,12/17/2017,399
2630,10/6/2017,4,11/20/2017,46.04166667
2631,10/3/2017,6,3/6/2018,155.0416667
2632,10/5/2017,2,11/6/2017,33.04166667
2633,9/3/2017,35,11/4/2017,63.04166667
2634,8/14/2017,46,11/13/2017,92.04166667
2635,7/21/2017,197,10/27/2017,99
2636,7/21/2017,197,10/27/2017,99
2640,10/9/2017,16,11/20/2017,43.04166667
2642,10/9/2017,1,12/11/2017,64.04166667
2643,10/9/2017,3,11/18/2017,41.04166667
2645,10/10/2017,2,10/12/2017,3
2646,10/5/2017,29,12/17/2017,74.04166667
2649,10/10/2017,1,12/11/2017,63.04166667
2650,4/19/2017,2,11/29/2017,225.0416667
2651,10/4/2017,93,10/25/2017,22
2652,10/10/2017,1,12/7/2017,59.04166667
2653,10/11/2017,11,11/27/2017,48.04166667
2655,10/9/2017,13,10/27/2017,19
2656,10/5/2017,20,4/30/2018,208
2658,10/12/2017,6,10/12/2017,1
2659,9/28/2017,9,10/27/2017,30
2660,10/12/2017,34,12/28/2017,78.04166667
2662,10/13/2017,20,11/4/2017,23.04166667
2663,9/26/2017,18,10/27/2017,32
2665,10/13/2017,18,12/25/2017,74.04166667
2666,9/5/2017,2,11/21/2017,78.04166667
2667,10/17/2017,12,11/4/2017,19.04166667
2670,8/29/2017,31,11/13/2017,77.04166667
2671,9/12/2017,17,12/11/2017,91.04166667
2672,8/14/2017,18,11/5/2017,84.04166667
2673,9/26/2017,12,11/27/2017,63.04166667
2674,10/12/2017,9,10/25/2017,14
2675,5/14/2017,32,10/27/2017,167
2681,10/18/2017,37,12/2/2017,46.04166667
2682,10/19/2017,4,11/20/2017,33.04166667
2683,10/20/2017,11,12/28/2017,70.04166667
2684,10/19/2017,5,12/28/2017,71.04166667
2685,8/18/2017,4,12/17/2017,122.0416667
2686,6/28/2017,11,11/13/2017,139.0416667
2687,8/30/2017,27,11/13/2017,76.04166667
2688,7/21/2017,197,11/13/2017,116.0416667
2689,10/24/2017,13,12/2/2017,40.04166667
2690,10/23/2017,91,2/17/2018,118.0416667
2692,9/18/2017,5,11/20/2017,64.04166667
2693,6/29/2017,28,12/2/2017,157.0416667
2694,10/26/2017,3,11/6/2017,12.04166667
2696,10/26/2017,8,3/2/2018,128.0416667
2697,10/25/2017,1,11/6/2017,13.04166667
2698,10/20/2017,13,12/17/2017,59.04166667
2699,10/24/2017,9,12/11/2017,49.04166667
2700,10/23/2017,8,11/2/2017,11.04166667
2702,9/25/2017,10,10/31/2017,37.04166667
2706,10/31/2017,19,12/17/2017,48
2707,11/2/2017,4,12/7/2017,36
2708,10/31/2017,13,11/27/2017,28
2709,11/3/2017,34,11/6/2017,4
2710,9/26/2017,6,11/18/2017,54.04166667
2711,10/31/2017,7,11/16/2017,17
2712,10/24/2017,96,12/17/2017,55.04166667
2713,11/1/2017,2,11/20/2017,20
2715,10/31/2017,6,11/22/2017,23
2717,11/2/2017,9,11/6/2017,5
2718,10/31/2017,3,12/11/2017,42
2720,8/7/2017,12,11/18/2017,104.0416667
2721,11/6/2017,2,2/14/2018,101
2726,11/7/2017,6,11/16/2017,10
2732,10/24/2017,7,12/11/2017,49.04166667
2733,11/9/2017,8,11/10/2017,2
2734,11/7/2017,1,11/18/2017,12
2736,11/10/2017,48,12/1/2017,22
2737,10/20/2017,2,4/10/2018,173
2738,11/13/2017,10,11/14/2017,2
2739,11/11/2017,9,2/4/2018,86
2740,11/14/2017,25,12/10/2017,27
2742,11/13/2017,7,12/11/2017,29
2743,11/9/2017,1,12/17/2017,39
2745,11/15/2017,8,12/17/2017,33
2746,11/8/2017,16,2/17/2018,102
2747,11/13/2017,24,12/11/2017,29
2748,8/18/2017,9,12/11/2017,116.0416667
2751,10/27/2017,17,12/17/2017,52.04166667
2752,11/10/2017,7,12/25/2017,46
2753,11/13/2017,5,12/25/2017,43
2754,8/24/2017,9,5/31/2018,281
2755,10/24/2017,9,12/11/2017,49.04166667
2756,11/13/2017,7,12/11/2017,29
2758,11/20/2017,3,1/28/2018,70
2760,11/24/2017,16,11/25/2017,2
2761,11/17/2017,4,2/7/2018,83
2762,11/23/2017,6,6/8/2018,197.9583333
2763,11/27/2017,24,11/27/2017,1
2764,11/22/2017,27,3/2/2018,101
2765,11/9/2017,1,11/28/2017,20
2767,11/20/2017,64,12/3/2017,14
2770,10/12/2017,34,12/28/2017,78.04166667
2771,11/30/2017,95,12/11/2017,12
2773,11/29/2017,7,12/9/2017,11
2774,10/13/2017,17,12/25/2017,74.04166667
2775,11/28/2017,5,12/17/2017,20
2776,11/10/2017,6,12/25/2017,46
2777,11/13/2017,5,12/25/2017,43
2778,12/1/2017,14,3/15/2018,105
2779,12/4/2017,6,12/17/2017,14
2783,11/30/2017,1,2/14/2018,77
2785,12/6/2017,8,12/7/2017,2
2786,12/7/2017,1,2/14/2018,70
2787,12/5/2017,11,1/28/2018,55
2788,12/4/2017,4,2/13/2018,72
2789,12/4/2017,10,12/25/2017,22
2790,11/7/2017,1,12/31/2017,55
2791,11/9/2017,1,12/31/2017,53
2792,11/9/2017,1,12/31/2017,53
2793,11/9/2017,2,1/28/2018,81
2794,11/7/2017,6,12/22/2017,46
2797,12/5/2017,7,12/22/2017,18
2798,12/5/2017,7,12/22/2017,18
2799,12/5/2017,7,12/22/2017,18
2800,12/11/2017,18,12/12/2017,2
2803,12/11/2017,16,12/25/2017,15
2804,10/23/2017,17,2/13/2018,114.0416667
2806,12/5/2017,11,3/3/2018,89
2808,12/12/2017,28,2/4/2018,55
2813,12/14/2017,36,1/12/2018,30
2817,11/27/2017,17,2/4/2018,70
2818,12/14/2017,6,3/18/2018,95
2832,11/28/2017,1,1/12/2018,46
2834,12/14/2017,40,12/20/2017,7
2835,6/29/2017,29,2/17/2018,234.0416667
2839,12/8/2017,19,2/17/2018,72
2840,12/18/2017,25,2/23/2018,68
2841,12/18/2017,21,1/28/2018,42
2842,12/19/2017,36,3/23/2018,95
2843,12/20/2017,14,3/23/2018,94
2845,12/20/2017,1,2/14/2018,57
2847,12/20/2017,35,12/22/2017,3
2848,12/19/2017,19,4/30/2018,132.9583333
2849,11/28/2017,5,1/31/2018,65
2851,12/19/2017,24,6/3/2018,166.9583333
2856,10/31/2016,29,3/24/2018,510
2859,12/8/2017,31,3/20/2018,103
2860,1/10/2018,25,6/17/2018,158.9583333
2861,1/11/2018,18,2/4/2018,25
2862,1/11/2018,9,3/3/2018,52
2866,1/17/2018,16,1/18/2018,2
2870,1/18/2018,8,1/19/2018,2
2871,1/17/2018,13,3/9/2018,52
2872,1/19/2018,23,1/19/2018,1
2877,1/19/2018,9,2/23/2018,36
2878,1/19/2018,5,2/23/2018,36
2881,1/19/2018,12,2/13/2018,26
2886,1/19/2018,21,4/9/2018,80.95833333
2891,1/22/2018,13,3/3/2018,41
2893,1/11/2018,12,1/28/2018,18
2894,12/20/2017,16,3/3/2018,74
2895,1/15/2018,12,1/28/2018,14
2896,1/24/2018,2,2/14/2018,22
2897,1/23/2018,7,2/13/2018,22
2898,1/25/2018,24,1/25/2018,1
2899,12/11/2017,8,1/25/2018,46
2902,1/26/2018,10,3/25/2018,59
2907,1/29/2018,3,1/30/2018,2
2924,1/30/2018,4,2/13/2018,15
2925,1/30/2018,4,2/13/2018,15
2926,1/30/2018,4,2/13/2018,15
2929,1/30/2018,24,1/31/2018,2
2930,1/31/2018,28,1/31/2018,1
2931,1/30/2018,13,3/3/2018,33
2932,1/18/2018,4,1/31/2018,14
2934,6/29/2017,29,2/17/2018,234.0416667
2935,11/7/2017,9,2/13/2018,99
2936,12/8/2017,19,2/23/2018,78
2937,12/18/2017,24,2/17/2018,62
2938,12/14/2017,17,3/20/2018,97
2939,1/31/2018,1,2/7/2018,8
2940,1/30/2018,24,4/2/2018,62.95833333
2941,11/8/2017,15,2/17/2018,102
2942,12/12/2017,9,2/13/2018,64
2943,2/1/2018,7,2/10/2018,10
2945,1/24/2018,22,2/23/2018,31
2947,2/5/2018,12,4/3/2018,57.95833333
2948,2/2/2018,12,3/2/2018,29
2949,2/5/2018,45,3/20/2018,44
2950,2/5/2018,3,2/23/2018,19
2951,1/10/2018,25,6/17/2018,158.9583333
2952,1/31/2018,2,2/17/2018,18
2955,2/7/2018,2,2/17/2018,11
2959,10/18/2017,17,3/20/2018,154.0416667
2961,2/7/2018,10,6/1/2018,114.9583333
2962,2/8/2018,32,2/14/2018,7
2963,2/5/2018,18,2/20/2018,16
2964,2/9/2018,1,2/14/2018,6
2965,2/7/2018,11,3/15/2018,37
2966,2/7/2018,2,2/28/2018,22
2967,11/30/2017,1,2/28/2018,91
2968,8/22/2017,3,2/23/2018,186.0416667
2973,2/13/2018,1,2/23/2018,11
2974,2/13/2018,1,3/15/2018,31
2975,2/13/2018,4,2/14/2018,2
2976,2/11/2018,31,3/20/2018,38
2978,1/23/2018,1,10/25/2018,275.9583333
2980,10/12/2017,19,4/2/2018,173
2981,2/12/2018,19,2/17/2018,6
2982,2/15/2018,5,3/9/2018,23
2983,2/15/2018,57,3/25/2018,39
2984,2/5/2018,1,4/6/2018,60.95833333
2985,2/7/2018,1,3/12/2018,34
2986,2/19/2018,111,3/15/2018,25
2989,2/20/2018,96,2/22/2018,3
2990,2/20/2018,30,3/3/2018,12
2991,2/21/2018,1,4/19/2018,57.95833333
2992,2/22/2018,50,2/23/2018,2
2993,2/19/2018,16,2/26/2018,8
2994,2/22/2018,41,7/9/2018,137.9583333
2995,1/29/2018,3,3/2/2018,33
2996,2/20/2018,18,3/15/2018,24
2997,10/23/2017,17,4/3/2018,163
2999,2/26/2018,8,2/28/2018,3
3002,2/26/2018,82,4/3/2018,36.95833333
3003,2/12/2018,209,4/12/2018,59.95833333
3004,2/19/2018,109,5/20/2018,90.95833333
3007,2/20/2018,468,3/22/2018,31
3008,2/27/2018,5,3/16/2018,18
3009,2/23/2018,1,4/10/2018,46.95833333
3010,2/8/2018,1,3/16/2018,37
3011,2/26/2018,19,4/19/2018,52.95833333
3012,2/26/2018,12,4/19/2018,52.95833333
3014,2/21/2018,24,4/6/2018,44.95833333
3016,2/27/2018,1,3/23/2018,25
3017,2/27/2018,8,3/21/2018,23
3018,2/16/2018,25,4/19/2018,62.95833333
3019,12/20/2017,18,3/23/2018,94
3021,2/28/2018,19,5/5/2018,66.95833333
3022,2/12/2018,209,4/9/2018,56.95833333
3023,3/1/2018,211,6/16/2018,107.9583333
3024,2/28/2018,9,3/16/2018,17
3027,3/1/2018,7,4/30/2018,60.95833333
3028,2/21/2018,9,4/30/2018,68.95833333
3029,2/26/2018,12,3/23/2018,26
3031,3/7/2018,9,3/12/2018,6
3032,3/2/2018,2,3/27/2018,25.95833333
3033,3/8/2018,1,3/23/2018,16
3034,3/9/2018,6,5/6/2018,58.95833333
3035,3/2/2018,4,4/5/2018,34.95833333
3036,3/8/2018,4,3/24/2018,17
3037,3/8/2018,4,3/24/2018,17
3038,3/8/2018,5,3/24/2018,17
3039,3/8/2018,2,4/2/2018,25.95833333
3042,3/12/2018,9,3/13/2018,2
3043,3/12/2018,6,4/10/2018,29.95833333
3044,3/12/2018,13,4/19/2018,38.95833333
3045,3/13/2018,7,4/3/2018,21.95833333
3050,3/9/2018,25,4/30/2018,52.95833333
3051,3/12/2018,1,3/22/2018,11
3052,10/19/2017,4,3/25/2018,158.0416667
3053,3/12/2018,8,4/3/2018,22.95833333
3054,3/14/2018,1,3/25/2018,12
3055,1/30/2018,24,4/2/2018,62.95833333
3056,10/12/2017,18,4/2/2018,173
3057,2/16/2018,24,4/19/2018,62.95833333
3058,1/27/2018,10,4/19/2018,82.95833333
3060,3/14/2018,3,5/6/2018,53.95833333
3062,3/19/2018,2,4/9/2018,21.95833333
3063,3/19/2018,17,4/2/2018,14.95833333
3064,3/19/2018,4,4/2/2018,14.95833333
3065,3/18/2018,10,4/2/2018,15.95833333
3066,3/19/2018,1,3/26/2018,7.958333333
3067,3/12/2018,2,4/4/2018,23.95833333
3068,3/15/2018,10,3/28/2018,13.95833333
3069,3/14/2018,36,3/23/2018,10
3070,2/20/2018,468,3/22/2018,31
3072,3/21/2018,8,4/2/2018,12.95833333
3074,3/21/2018,1,3/27/2018,6.958333333
3076,3/8/2018,15,4/30/2018,53.95833333
3077,2/2/2018,4,6/5/2018,123.9583333
3079,12/20/2017,16,4/2/2018,103.9583333
3080,1/26/2018,11,6/19/2018,144.9583333
3081,3/27/2018,23,6/19/2018,85
3082,3/22/2018,7,5/5/2018,44.95833333
3083,3/27/2018,79,4/16/2018,21
3084,3/28/2018,21,5/5/2018,39
3086,3/28/2018,12,4/16/2018,20
3087,3/29/2018,8,4/3/2018,6
3088,3/29/2018,40,5/4/2018,37
3090,8/8/2017,19,5/31/2018,297
3091,3/27/2018,24,4/9/2018,14
3092,3/19/2018,13,6/27/2018,100.9583333
3093,3/20/2018,112,6/10/2018,82.95833333
3094,3/29/2018,1,4/19/2018,22
3095,2/15/2018,19,4/30/2018,74.95833333
3096,2/19/2018,55,5/10/2018,80.95833333
3098,4/4/2018,8,6/1/2018,59
3099,4/6/2018,13,5/31/2018,56
3100,4/9/2018,8,4/24/2018,16
3101,4/9/2018,42,5/3/2018,25
3102,4/4/2018,19,5/20/2018,47
3103,2/12/2018,209,5/20/2018,97.95833333
3105,4/9/2018,33,6/3/2018,56
3106,4/10/2018,8,4/11/2018,2
3107,4/6/2018,13,5/31/2018,56
3108,4/11/2018,235,5/4/2018,24
3109,4/12/2018,35,4/13/2018,2
3110,4/12/2018,1,4/25/2018,14
3111,2/22/2018,27,6/30/2018,128.9583333
3112,4/13/2018,1,5/5/2018,23
3113,4/12/2018,5,5/5/2018,24
3114,4/13/2018,33,4/14/2018,2
3116,4/9/2018,4,5/23/2018,45
3117,4/16/2018,7,4/17/2018,2
3118,3/1/2018,211,6/16/2018,107.9583333
3119,3/1/2018,210,6/16/2018,107.9583333
3120,4/17/2018,3,5/11/2018,25
3121,3/20/2018,112,6/10/2018,82.95833333
3122,4/17/2018,33,6/19/2018,64
3123,4/18/2018,24,4/23/2018,6
3124,4/6/2018,10,5/9/2018,34
3126,4/11/2018,6,6/15/2018,66
3127,4/18/2018,6,4/23/2018,6
3128,4/19/2018,12,9/13/2019,513
3129,4/18/2018,36,5/20/2018,33
3130,4/23/2018,2,5/27/2018,35
3131,4/11/2018,16,6/3/2018,54
3133,4/10/2018,17,6/5/2018,57
3134,4/25/2018,19,5/24/2018,30
3135,4/24/2018,18,5/28/2018,35
3136,4/26/2018,2,4/28/2018,3
3137,4/23/2018,87,5/4/2018,12
3138,4/26/2018,1,5/9/2018,14
3140,4/25/2018,3,7/9/2018,76
3141,4/26/2018,1,5/3/2018,8
3142,4/19/2018,36,6/30/2018,73
3143,4/30/2018,20,5/2/2018,3
3145,4/19/2018,18,6/5/2018,48
3146,4/23/2018,4,5/24/2018,32
3148,4/30/2018,1,6/8/2018,40
3149,4/11/2018,8,5/27/2018,47
3150,5/2/2018,20,5/4/2018,3
3152,5/2/2018,11,7/22/2018,82
3153,4/23/2018,10,6/13/2018,52
3154,5/2/2018,8,6/17/2018,47
3155,11/14/2016,91,7/7/2018,600.9583333
3156,5/3/2018,37,5/5/2018,3
3157,5/4/2018,2,5/11/2018,8
3159,5/4/2018,7,5/31/2018,28
3160,5/3/2018,12,6/27/2018,56
3161,5/4/2018,1,5/31/2018,28
3162,5/4/2018,7,5/31/2018,28
3163,5/4/2018,32,6/15/2018,43
3164,5/2/2018,16,6/12/2018,42
3165,4/16/2018,9,6/9/2018,55
3167,5/8/2018,1,5/20/2018,13
3168,5/8/2018,1,6/9/2018,33
3169,5/9/2018,2,5/22/2018,14
3170,4/25/2018,16,6/17/2018,54
3171,5/9/2018,9,6/9/2018,32
3172,5/8/2018,97,5/31/2018,24
3174,5/8/2018,33,6/9/2018,33
3175,5/4/2018,7,5/20/2018,17
3176,5/14/2018,7,6/13/2018,31
3177,4/23/2018,17,6/3/2018,42
3178,5/4/2018,7,6/3/2018,31
3179,5/4/2018,7,6/3/2018,31
3180,5/14/2018,13,6/9/2018,27
3182,5/16/2018,3,6/5/2018,21
3183,5/15/2018,60,6/5/2018,22
3184,5/17/2018,1,6/7/2018,22
3185,5/10/2018,37,8/30/2018,113
3187,3/28/2018,20,7/18/2018,113
3188,5/16/2018,6,6/13/2018,29
3189,5/18/2018,11,9/24/2018,130
3190,5/18/2018,1,6/9/2018,23
3191,5/4/2018,7,6/3/2018,31
3192,5/4/2018,7,6/3/2018,31
3193,5/23/2018,24,5/23/2018,1
3194,4/23/2018,10,8/27/2018,127
3196,5/25/2018,34,6/19/2018,26
3197,5/24/2018,5,5/31/2018,8
3198,5/28/2018,4,6/1/2018,5
3202,3/20/2018,111,6/10/2018,82.95833333
3203,4/25/2018,16,6/17/2018,54
3204,5/9/2018,2,6/1/2018,24
3205,4/11/2018,15,6/3/2018,54
3206,5/28/2018,5,6/1/2018,5
3207,5/28/2018,6,6/1/2018,5
3208,3/29/2018,144,7/18/2018,112
3209,3/1/2018,210,6/16/2018,107.9583333
3210,5/28/2018,19,6/16/2018,20
3211,5/29/2018,8,5/31/2018,3
3212,5/29/2018,22,8/7/2018,71
3213,5/17/2018,36,6/11/2018,26
3214,5/28/2018,36,6/11/2018,15
3216,5/29/2018,20,7/4/2018,37
3217,5/29/2018,12,6/30/2018,33
3218,5/29/2018,12,6/30/2018,33
3219,5/30/2018,3,7/3/2018,35
3220,5/10/2018,36,10/8/2018,152
3221,5/28/2018,24,6/5/2018,9
3222,5/24/2018,8,6/8/2018,16
3223,5/4/2018,16,7/30/2018,88
3224,5/31/2018,25,6/17/2018,18
3226,6/1/2018,48,6/13/2018,13
3227,5/29/2018,4,6/19/2018,22
3229,6/4/2018,8,6/5/2018,2
3230,5/31/2018,7,6/27/2018,28
3231,5/4/2018,16,7/30/2018,88
3238,6/4/2018,13,6/27/2018,24
3239,6/4/2018,89,8/7/2018,65
3240,6/7/2018,48,6/20/2018,14
3242,6/1/2018,6,7/18/2018,48
3245,6/6/2018,8,6/11/2018,6
3246,3/29/2018,144,7/18/2018,112
3247,5/31/2018,7,6/27/2018,28
3249,6/11/2018,15,6/17/2018,7
3250,6/11/2018,12,6/19/2018,9
3251,5/31/2018,16,7/23/2018,54
3252,3/28/2018,21,7/18/2018,113
3253,5/29/2018,22,8/7/2018,71
3254,2/12/2018,209,7/20/2018,158.9583333
3256,6/12/2018,35,6/14/2018,3
3257,6/7/2018,11,7/12/2018,36
3258,5/19/2018,20,8/2/2018,76
3259,6/14/2018,24,6/27/2018,14
3260,6/12/2018,10,7/30/2018,49
3262,6/11/2018,13,8/7/2018,58
3263,4/25/2018,16,7/18/2018,85
3265,6/11/2018,10,7/20/2018,40
3268,5/4/2018,16,7/30/2018,88
3269,6/14/2018,13,7/22/2018,39
3271,6/13/2018,3,7/7/2018,25
3278,6/13/2018,16,8/9/2018,58
3279,6/15/2018,16,8/7/2018,54
3280,6/18/2018,1,7/7/2018,20
3282,6/17/2018,17,8/7/2018,52
3283,6/17/2018,21,7/26/2018,40
3284,6/15/2018,4,6/30/2018,16
3285,6/15/2018,4,6/30/2018,16
3286,6/15/2018,4,6/30/2018,16
3287,6/18/2018,12,6/27/2018,10
3288,6/14/2018,7,8/9/2018,57
3290,6/15/2018,31,7/31/2018,47
3292,6/4/2018,4,6/22/2018,19
3293,3/12/2018,31,7/18/2018,128.9583333
3294,6/19/2018,1,7/13/2018,25
3295,6/20/2018,5,6/25/2018,6
3296,6/26/2018,4,6/27/2018,2
3297,6/26/2018,9,8/13/2018,49
3298,6/27/2018,1,8/7/2018,42
3299,6/21/2018,49,7/26/2018,36
3300,6/18/2018,25,8/7/2018,51
3301,6/25/2018,9,7/18/2018,24
3302,6/27/2018,8,8/27/2018,62
3303,6/27/2018,15,8/27/2018,62
3304,6/25/2018,19,7/8/2018,14
3306,6/27/2018,15,7/18/2018,22
3307,6/27/2018,17,7/18/2018,22
3309,6/25/2018,19,7/6/2018,12
3310,6/27/2018,19,8/7/2018,42
3311,6/9/2018,19,8/13/2018,66
3313,5/31/2018,16,7/23/2018,54
3314,6/9/2018,1,7/12/2018,34
3316,6/25/2018,24,7/2/2018,8
3318,6/7/2018,12,7/12/2018,36
3319,7/2/2018,2,7/20/2018,19
3320,6/25/2018,29,8/9/2018,46
3321,6/29/2018,2,7/7/2018,9
3322,6/4/2018,80,8/11/2018,69
3323,6/27/2018,290,8/21/2018,56
3324,6/27/2018,11,9/3/2018,69
3325,6/27/2018,22,7/22/2018,26
3326,7/3/2018,137,8/21/2018,50
3327,6/28/2018,16,8/27/2018,61
3329,4/23/2018,10,7/7/2018,76
3330,7/2/2018,19,7/6/2018,5
3331,6/4/2018,88,8/7/2018,65
3333,7/3/2018,25,7/30/2018,28
3335,7/5/2018,1,8/17/2018,44
3336,7/4/2018,1,9/19/2018,78
3337,7/6/2018,19,7/10/2018,5
3338,6/21/2018,6,7/22/2018,32
3339,7/3/2018,9,8/7/2018,36
3340,7/5/2018,3,7/11/2018,7
3342,7/9/2018,87,8/7/2018,30
3343,7/9/2018,8,7/30/2018,22
3344,5/7/2018,57,8/28/2018,114
3345,7/6/2018,49,8/13/2018,39
3346,7/9/2018,12,8/7/2018,30
3347,7/9/2018,20,7/12/2018,4
3350,6/26/2018,6,8/27/2018,63
3351,7/12/2018,16,7/14/2018,3
3352,7/12/2018,7,7/16/2018,5
3353,6/28/2018,34,7/17/2018,20
3354,7/16/2018,1,9/24/2018,71
3355,7/16/2018,1,8/9/2018,25
3356,7/16/2018,1,7/30/2018,15
3358,7/16/2018,33,7/17/2018,2
3360,7/16/2018,3,7/25/2018,10
3361,7/18/2018,1,9/24/2018,69
3362,4/17/2018,32,8/27/2018,133
3363,5/2/2018,10,8/27/2018,118
3364,7/18/2018,2,7/25/2018,8
3365,5/2/2018,15,8/27/2018,118
3368,6/17/2018,17,8/7/2018,52
3369,6/25/2018,29,8/9/2018,46
3370,7/17/2018,4,8/2/2018,17
3371,7/18/2018,2,7/19/2018,2
3372,7/20/2018,3,7/30/2018,11
3373,7/12/2018,60,8/7/2018,27
3374,7/19/2018,33,7/31/2018,13
3375,7/16/2018,2,8/2/2018,18
3376,7/20/2018,1,8/27/2018,39
3377,7/20/2018,4,7/25/2018,6
3378,7/11/2018,7,10/3/2018,85
3379,7/23/2018,3,9/15/2018,55
3380,7/23/2018,50,7/27/2018,5
3381,7/19/2018,50,7/27/2018,9
3382,7/20/2018,63,8/27/2018,39
3384,7/20/2018,18,8/17/2018,29
3385,7/24/2018,50,8/21/2018,29
3386,7/18/2018,15,9/9/2018,54
3387,7/18/2018,15,2/22/2019,220.0416667
3388,7/18/2018,14,9/9/2018,54
3390,6/27/2018,8,8/27/2018,62
3391,6/27/2018,15,8/27/2018,62
3392,7/11/2018,7,10/3/2018,85
3393,7/6/2018,49,8/13/2018,39
3395,7/27/2018,2,10/8/2018,74
3396,7/27/2018,12,8/9/2018,14
3397,7/27/2018,1,8/17/2018,22
3399,7/30/2018,2,9/24/2018,57
3400,7/30/2018,2,9/24/2018,57
3402,7/27/2018,2,9/24/2018,60
3403,7/27/2018,2,9/24/2018,60
3406,7/27/2018,18,8/27/2018,32
3408,7/3/2018,137,8/21/2018,50
3409,7/27/2018,9,8/27/2018,32
3410,7/31/2018,1,8/17/2018,18
3411,8/2/2018,24,8/16/2018,15
3412,8/8/2018,35,8/31/2018,24
3413,8/8/2018,24,8/31/2018,24
3414,8/8/2018,14,8/31/2018,24
3415,8/8/2018,40,9/9/2018,33
3416,8/7/2018,31,10/11/2018,66
3417,8/8/2018,49,8/30/2018,23
3419,8/8/2018,55,9/9/2018,33
3421,8/9/2018,97,8/21/2018,13
3422,8/8/2018,5,10/7/2018,61
3423,7/24/2018,4,9/27/2018,66
3424,8/13/2018,12,9/18/2018,37
3425,8/14/2018,16,8/31/2018,18
3426,7/26/2018,17,9/26/2018,63
3427,8/14/2018,6,9/3/2018,21
3429,8/10/2018,50,9/18/2018,40
3430,11/14/2016,19,9/18/2018,673.9583333
3431,8/13/2018,16,8/27/2018,15
3432,8/13/2018,20,8/27/2018,15
3433,8/16/2018,1,8/20/2018,5
3435,8/17/2018,17,10/7/2018,52
3436,8/21/2018,4,10/12/2018,53
3437,8/22/2018,5,2/22/2019,185.0416667
3438,8/22/2018,2,10/24/2018,64
3439,8/21/2018,6,9/8/2018,19
3440,8/23/2018,13,9/28/2018,37
3442,8/23/2018,2,9/8/2018,17
3443,8/20/2018,24,8/31/2018,12
3444,8/24/2018,1,10/18/2018,56
3445,8/24/2018,1,10/18/2018,56
3448,8/27/2018,21,10/16/2018,51
3450,8/23/2018,8,9/11/2018,20
3451,8/27/2018,72,8/31/2018,5
3452,8/27/2018,21,9/24/2018,29
3453,8/28/2018,4,8/30/2018,3
3454,8/28/2018,1,9/3/2018,7
3455,8/29/2018,5,9/18/2018,21
3456,5/7/2018,56,10/8/2018,155
3457,8/28/2018,2,9/20/2018,24
3458,8/30/2018,42,10/3/2018,35
3459,8/31/2018,1,10/7/2018,38
3460,8/31/2018,1,10/7/2018,38
3461,8/29/2018,10,10/7/2018,40
3463,12/11/2017,14,10/7/2018,300.9583333
3464,8/9/2018,7,9/18/2018,41
3469,9/3/2018,2,9/15/2018,13
3472,8/31/2018,10,9/26/2018,27
3473,9/3/2018,15,9/15/2018,13
3474,7/25/2018,2,10/7/2018,75
3476,7/12/2018,16,9/5/2018,56
3477,9/5/2018,24,9/5/2018,1
3478,9/4/2018,9,9/24/2018,21
3479,9/5/2018,112,9/18/2018,14
3480,9/4/2018,24,9/14/2018,11
3481,9/6/2018,21,9/8/2018,3
3482,9/6/2018,6,9/24/2018,19
3483,9/6/2018,549,11/26/2018,82.04166667
3484,9/4/2018,19,10/8/2018,35
3485,9/10/2018,14,9/18/2018,9
3486,9/10/2018,2,10/11/2018,32
3491,9/10/2018,19,9/26/2018,17
3492,9/11/2018,1,9/18/2018,8
3497,9/11/2018,8,9/12/2018,2
3499,9/11/2018,17,10/16/2018,36
3500,9/12/2018,2,10/7/2018,26
3502,9/10/2018,9,9/18/2018,9
3504,9/12/2018,13,9/16/2018,5
3505,8/27/2018,20,9/24/2018,29
3506,9/12/2018,21,9/15/2018,4
3507,7/18/2018,14,10/12/2018,87
3508,9/12/2018,37,9/28/2018,17
3509,9/12/2018,13,10/8/2018,27
3510,9/12/2018,4,9/24/2018,13
3511,8/28/2018,24,10/7/2018,41
3512,5/7/2018,57,10/8/2018,155
3514,9/18/2018,24,9/18/2018,1
3516,9/18/2018,2,10/3/2018,16
3517,9/19/2018,13,11/6/2018,49.04166667
3518,9/20/2018,13,10/8/2018,19
3519,9/14/2018,24,10/3/2018,20
3520,9/20/2018,19,9/22/2018,3
3522,9/20/2018,25,10/7/2018,18
3523,9/12/2018,13,10/8/2018,27
3524,9/12/2018,37,9/28/2018,17
3525,9/19/2018,3,9/24/2018,6
3526,8/27/2018,21,10/16/2018,51
3528,9/24/2018,24,9/24/2018,1
3530,9/17/2018,21,11/26/2018,71.04166667
3531,9/24/2018,12,10/7/2018,14
3532,9/24/2018,6,10/18/2018,25
3533,9/24/2018,1,10/7/2018,14
3534,9/25/2018,34,9/26/2018,2
3536,9/21/2018,4,10/18/2018,28
3537,9/26/2018,9,10/26/2018,31
3538,9/18/2018,4,11/15/2018,59.04166667
3540,8/31/2018,1,9/27/2018,28
3542,9/11/2018,17,10/16/2018,36
3543,8/7/2018,31,10/11/2018,66
3544,9/27/2018,15,11/15/2018,50.04166667
3545,9/27/2018,9,10/16/2018,20
3546,9/28/2018,20,9/30/2018,3
3550,10/1/2018,20,10/2/2018,2
3552,9/27/2018,2,10/11/2018,15
3553,9/28/2018,10,10/26/2018,29
3554,8/22/2018,3,10/22/2018,62
3555,10/1/2018,1,11/13/2018,44.04166667
3556,9/28/2018,2,10/12/2018,15
3557,10/1/2018,24,10/8/2018,8
3558,10/2/2018,12,10/5/2018,4
3559,10/2/2018,10,11/8/2018,38.04166667
3560,10/3/2018,1,10/11/2018,9
3561,8/17/2018,16,10/7/2018,52
3562,8/17/2018,16,10/4/2018,49
3565,9/27/2018,18,10/5/2018,9
3567,10/4/2018,7,10/26/2018,23
3568,10/4/2018,11,10/7/2018,4
3569,10/4/2018,1,10/18/2018,15
3570,10/5/2018,18,2/18/2019,137.0416667
3574,10/5/2018,20,10/13/2018,9
3575,9/19/2018,13,11/6/2018,49.04166667
3576,9/26/2018,9,10/26/2018,31
3577,9/12/2018,50,10/11/2018,30
3578,10/5/2018,5,11/23/2018,50.04166667
3580,10/9/2018,7,10/24/2018,16
3581,11/14/2016,91,8/21/2019,1010.958333
3582,10/9/2018,21,10/14/2018,6
3583,10/11/2018,18,11/15/2018,36.04166667
3584,10/11/2018,23,11/30/2018,51.04166667
3585,9/26/2018,2,10/29/2018,34.04166667
3586,10/15/2018,6,11/21/2018,38.04166667
3587,10/15/2018,13,11/8/2018,25.04166667
3588,10/15/2018,1,10/20/2018,6
3589,10/16/2018,31,10/17/2018,2
3591,10/16/2018,11,11/15/2018,31.04166667
3592,8/24/2018,12,12/22/2018,121.0416667
3593,10/5/2018,7,11/29/2018,56.04166667
3594,10/16/2018,21,10/18/2018,3
3596,10/17/2018,4,11/6/2018,21.04166667
3597,10/17/2018,7,11/25/2018,40.04166667
3599,10/15/2018,33,11/8/2018,25.04166667
3600,10/16/2018,37,11/23/2018,39.04166667
3602,10/19/2018,1,10/26/2018,8
3606,10/8/2018,50,10/24/2018,17
3607,10/18/2018,62,11/2/2018,16.04166667
3608,10/23/2018,13,12/15/2018,54.04166667
3609,10/23/2018,8,11/6/2018,15.04166667
3611,10/2/2018,61,12/15/2018,75.04166667
3612,10/22/2018,8,11/25/2018,35.04166667
3613,10/19/2018,1,11/15/2018,28.04166667
3615,10/23/2018,53,11/21/2018,30.04166667
3616,10/24/2018,237,11/1/2018,9.041666667
3617,10/25/2018,12,11/6/2018,13.04166667
3618,10/25/2018,7,12/6/2018,43.04166667
3619,10/24/2018,60,11/5/2018,13.04166667
3620,9/17/2018,21,11/15/2018,60.04166667
3621,10/16/2018,37,11/23/2018,39.04166667
3623,10/26/2018,16,12/21/2018,57.04166667
3624,10/26/2018,11,11/27/2018,33.04166667
3625,10/25/2018,11,11/27/2018,34.04166667
3626,10/29/2018,8,10/31/2018,3
3627,10/29/2018,16,11/21/2018,24
3628,10/30/2018,16,11/23/2018,25
3629,10/30/2018,9,12/6/2018,38
3630,10/30/2018,2,11/3/2018,5
3632,9/12/2018,12,12/7/2018,87.04166667
3634,10/30/2018,3,12/5/2018,37
3635,10/31/2018,4,11/29/2018,30
3636,10/30/2018,16,1/18/2019,81
3638,10/31/2018,2,11/3/2018,4
3639,10/29/2018,12,11/1/2018,4
3641,10/25/2018,10,12/12/2018,49.04166667
3642,10/29/2018,7,11/29/2018,32
3643,10/23/2018,53,11/16/2018,25.04166667
3644,10/17/2018,13,2/22/2019,129.0416667
3645,10/17/2018,23,12/17/2018,62.04166667
3647,11/2/2018,1,11/25/2018,24
3648,11/1/2018,2,11/3/2018,3
3650,10/22/2018,19,11/29/2018,39.04166667
3651,11/2/2018,4,11/30/2018,29
3653,11/2/2018,4,11/30/2018,29
3654,10/3/2018,5,11/29/2018,58.04166667
3671,10/30/2018,2,11/19/2018,21
3674,11/5/2018,1,11/15/2018,11
3675,11/6/2018,1,11/13/2018,8
3676,11/7/2018,24,11/29/2018,23
3677,11/7/2018,33,11/10/2018,4
3678,11/7/2018,4,11/21/2018,15
3680,11/8/2018,18,11/13/2018,6
3686,11/7/2018,21,2/12/2019,98
3689,11/8/2018,997,12/21/2018,44
3691,10/5/2018,5,11/23/2018,50.04166667
3692,10/30/2018,16,11/29/2018,31
3701,11/2/2018,4,11/14/2018,13
3703,10/22/2018,31,12/15/2018,55.04166667
3706,11/11/2018,72,11/26/2018,16
3707,10/22/2018,18,11/29/2018,39.04166667
3708,11/13/2018,1,11/21/2018,9
3709,11/13/2018,11,11/16/2018,4
3710,11/6/2018,1,12/4/2018,29
3711,11/14/2018,37,12/25/2018,42
3712,10/23/2018,8,12/25/2018,64.04166667
3713,11/9/2018,6,11/25/2018,17
3714,11/14/2018,49,11/16/2018,3
3715,11/13/2018,2,1/14/2019,63
3717,11/12/2018,3,11/25/2018,14
3718,10/31/2016,98,4/26/2019,907.9583333
3719,11/9/2018,6,11/21/2018,13
3720,11/9/2018,6,11/21/2018,13
3721,7/25/2018,2,11/27/2018,126.0416667
3722,11/13/2018,24,11/26/2018,14
3723,11/16/2018,2,11/21/2018,6
3724,10/17/2018,23,12/17/2018,62.04166667
3725,11/19/2018,17,11/30/2018,12
3726,11/19/2018,20,11/30/2018,12
3727,10/23/2018,12,12/15/2018,54.04166667
3728,11/7/2018,23,11/29/2018,23
3729,11/19/2018,1,11/28/2018,10
3730,10/22/2018,31,12/15/2018,55.04166667
3731,11/19/2018,8,12/15/2018,27
3732,11/19/2018,9,11/20/2018,2
3733,11/15/2018,15,11/24/2018,10
3735,11/15/2018,22,12/17/2018,33
3736,11/16/2018,1,11/26/2018,11
3737,11/22/2018,3,11/28/2018,7
3738,11/21/2018,20,1/8/2019,49
3739,11/21/2018,25,12/21/2018,31
3742,11/13/2018,22,11/23/2018,11
3743,11/7/2018,20,12/15/2018,39
3744,11/23/2018,7,12/21/2018,29
3745,10/31/2016,98,4/26/2019,907.9583333
3746,11/2/2018,3,11/30/2018,29
3747,11/26/2018,6,12/3/2018,8
3748,11/23/2018,3,11/28/2018,6
3749,11/26/2018,7,1/26/2019,62
3750,11/21/2018,50,12/5/2018,15
3751,11/26/2018,5,12/21/2018,26
3752,11/27/2018,1,12/18/2018,22
3754,11/16/2018,23,1/23/2019,69
3755,11/22/2018,8,11/29/2018,8
3756,11/27/2018,2,12/3/2018,7
3757,11/27/2018,2,1/27/2019,62
3758,11/28/2018,2,12/3/2018,6
3760,11/28/2018,4,12/12/2018,15
3761,11/28/2018,4,12/12/2018,15
3762,11/25/2018,11,2/28/2019,96
3763,11/29/2018,5,1/26/2019,59
3765,11/29/2018,3,1/26/2019,59
3766,11/29/2018,2,1/18/2019,51
3769,11/28/2018,8,12/25/2018,28
3770,11/19/2018,11,12/25/2018,37
3771,11/25/2018,19,1/26/2019,63
3772,11/29/2018,13,1/18/2019,51
3773,11/27/2018,2,12/7/2018,11
3774,11/27/2018,68,12/17/2018,21
3775,12/3/2018,14,12/12/2018,10
3776,10/31/2016,98,1/21/2019,813
3777,11/30/2018,16,1/19/2019,51
3778,11/27/2018,608,12/13/2018,17
3779,12/5/2018,10,12/6/2018,2
3780,12/3/2018,50,12/17/2018,15
3781,12/4/2018,1,1/27/2019,55
3784,11/28/2018,97,12/12/2018,15
3785,12/5/2018,15,12/7/2018,3
3786,12/6/2018,3,1/14/2019,40
3787,12/6/2018,10,1/14/2019,40
3788,11/29/2018,12,1/18/2019,51
3789,11/29/2018,49,1/19/2019,52
3790,11/30/2018,3,1/14/2019,46
3791,12/6/2018,2,1/18/2019,44
3794,12/7/2018,17,1/14/2019,39
3795,12/5/2018,4,2/22/2019,80
3796,10/31/2016,98,4/26/2019,907.9583333
3797,11/25/2018,10,1/11/2019,48
3798,11/29/2018,4,1/11/2019,44
3799,12/10/2018,3,12/18/2018,9
3800,12/10/2018,2,1/14/2019,36
3801,12/10/2018,3,12/21/2018,12
3802,12/11/2018,4,12/21/2018,11
3803,12/11/2018,1,12/12/2018,2
3804,12/7/2018,82,12/21/2018,15
3805,12/4/2018,7,1/29/2019,57
3806,12/3/2018,13,7/16/2019,225.9583333
3807,11/26/2018,1,1/14/2019,50
3808,12/12/2018,1,1/9/2019,29
3809,12/12/2018,1,1/14/2019,34
3810,12/12/2018,2,2/15/2019,66
3811,12/10/2018,9,7/16/2019,218.9583333
3813,10/25/2018,6,12/15/2018,52.04166667
3814,12/11/2018,11,1/25/2019,46
3815,12/12/2018,37,1/29/2019,49
3816,12/10/2018,26,2/22/2019,75
3817,12/12/2018,20,7/16/2019,216.9583333
3818,12/14/2018,1,12/18/2018,5
3820,12/14/2018,49,12/25/2018,12
3822,12/12/2018,18,1/14/2019,34
3823,12/14/2018,11,7/16/2019,214.9583333
3824,12/14/2018,8,12/22/2018,9
3825,12/17/2018,20,1/27/2019,42
3826,12/17/2018,11,1/28/2019,43
3828,12/18/2018,10,1/22/2019,36
3829,12/19/2018,2,2/22/2019,66
3830,11/1/2018,101,2/16/2019,108
3831,12/19/2018,27,1/22/2019,35
3832,12/19/2018,11,1/28/2019,41
3833,12/10/2018,91,2/22/2019,75
3835,12/20/2018,1,1/27/2019,39
3837,12/20/2018,9,1/29/2019,41
3838,12/7/2018,13,3/7/2019,91
3840,12/18/2018,20,7/16/2019,210.9583333
3841,10/31/2016,99,5/4/2019,915.9583333
3842,1/9/2019,13,3/23/2019,74
3843,1/8/2019,6,1/14/2019,7
3845,1/9/2019,9,1/24/2019,16
3846,1/10/2019,10,1/25/2019,16
3848,12/18/2018,61,3/10/2019,83
3849,12/17/2018,37,3/18/2019,92
3850,12/18/2018,19,3/10/2019,83
3851,1/9/2019,19,3/7/2019,58
3852,1/11/2019,45,7/16/2019,186.9583333
3853,10/31/2016,99,4/26/2019,907.9583333
3854,1/10/2019,31,1/29/2019,20
3855,1/11/2019,2,3/11/2019,60
3856,11/29/2018,5,1/26/2019,59
3857,11/25/2018,10,2/28/2019,96
3858,11/16/2018,21,1/23/2019,69
3859,1/7/2019,77,1/22/2019,16
3861,1/14/2019,2,2/4/2019,22
3862,1/11/2019,24,2/12/2019,33
3864,12/20/2018,9,3/7/2019,78
3865,1/15/2019,4,1/27/2019,13
3866,1/14/2019,6,1/27/2019,14
3867,1/15/2019,9,2/28/2019,45
3868,11/1/2018,101,2/16/2019,108
3869,12/7/2018,13,3/7/2019,91
3871,1/17/2019,2,2/18/2019,33
3872,1/17/2019,16,2/28/2019,43
3873,1/16/2019,6,2/23/2019,39
3876,1/21/2019,28,1/22/2019,2
3880,1/21/2019,4,1/29/2019,9
3882,11/16/2018,22,2/28/2019,105
3883,10/31/2016,99,4/26/2019,907.9583333
3884,1/22/2019,23,3/5/2019,43
3885,10/31/2016,99,5/4/2019,915.9583333
3886,1/22/2019,36,1/24/2019,3
3887,1/23/2019,2,2/15/2019,24
3888,11/1/2018,101,2/16/2019,108
3889,12/18/2018,61,3/10/2019,83
3890,11/21/2018,20,1/29/2019,70
3891,1/24/2019,1,7/16/2019,173.9583333
3893,12/11/2018,11,2/23/2019,75
3894,1/24/2019,2,2/18/2019,26
3895,1/25/2019,11,2/28/2019,35
3896,1/16/2019,13,3/5/2019,49
3897,11/25/2018,11,2/28/2019,96
3901,1/25/2019,13,2/23/2019,30
3902,12/6/2018,10,3/11/2019,96
3904,1/30/2019,11,2/23/2019,25
3905,1/10/2019,4,2/18/2019,40
3907,1/25/2019,19,3/10/2019,45
3908,1/30/2019,6,2/8/2019,10
3909,1/30/2019,1,2/4/2019,6
3910,1/29/2019,4,2/4/2019,7
3911,1/29/2019,6,2/18/2019,21
3912,1/29/2019,5,2/18/2019,21
3914,1/31/2019,1,2/18/2019,19
3915,1/16/2019,10,2/23/2019,39
3916,1/31/2019,7,3/11/2019,40
3917,1/21/2019,21,4/3/2019,72.95833333
3919,11/7/2018,20,2/19/2019,105
3921,1/24/2019,10,3/5/2019,41
3922,1/24/2019,5,4/8/2019,74.95833333
3923,1/24/2019,6,4/8/2019,74.95833333
3924,2/1/2019,8,2/22/2019,22
3927,2/5/2019,8,3/1/2019,25
3928,2/1/2019,11,2/23/2019,23
3930,1/22/2019,2,2/22/2019,32
3931,10/31/2016,99,4/16/2019,897.9583333
3932,2/6/2019,1,2/18/2019,13
3933,2/4/2019,9,2/22/2019,19
3934,1/22/2019,8,3/7/2019,45
3935,2/7/2019,4,3/10/2019,32
3937,2/7/2019,1,2/15/2019,9
3940,2/7/2019,10,2/11/2019,5
3941,2/8/2019,13,3/5/2019,26
3943,2/6/2019,106,3/22/2019,45
3944,2/11/2019,2,4/4/2019,52.95833333
3946,2/11/2019,19,3/5/2019,23
3947,1/16/2019,13,3/5/2019,49
3948,1/21/2019,21,2/21/2019,32
3949,2/12/2019,8,2/13/2019,2
3950,2/12/2019,8,2/18/2019,7
3951,2/11/2019,2,2/15/2019,5
3952,2/12/2019,6,2/15/2019,4
3954,2/13/2019,4,2/14/2019,2
3955,1/31/2019,66,3/11/2019,40
3956,2/11/2019,10,3/10/2019,28
3958,2/13/2019,16,3/23/2019,39
3960,2/11/2019,24,2/22/2019,12
3961,1/14/2019,11,3/22/2019,68
3962,2/13/2019,6,3/18/2019,34
3963,2/14/2019,2,3/18/2019,33
3964,2/14/2019,4,3/18/2019,33
3965,2/18/2019,1,3/11/2019,22
3966,2/19/2019,30,2/20/2019,2
3967,2/19/2019,11,2/23/2019,5
3968,2/18/2019,16,2/28/2019,11
3969,2/20/2019,31,2/21/2019,2
3970,2/19/2019,19,3/22/2019,32
3972,2/20/2019,1,3/11/2019,20
3973,2/20/2019,1,4/10/2019,49.95833333
3974,2/20/2019,1,3/23/2019,32
3975,2/20/2019,1,4/10/2019,49.95833333
3976,2/15/2019,9,3/5/2019,19
3977,2/8/2019,24,2/21/2019,14
3980,2/21/2019,6,2/28/2019,8
3982,1/17/2019,1,3/16/2019,59
3983,2/20/2019,7,2/26/2019,7
3984,2/22/2019,1,2/23/2019,2
3985,2/22/2019,1,3/11/2019,18
3986,2/22/2019,7,3/11/2019,18
3987,2/18/2019,1,3/14/2019,25
3988,2/18/2019,1,3/14/2019,25
3989,2/18/2019,2,3/14/2019,25
3990,2/22/2019,3,3/13/2019,20
3991,9/12/2018,2,3/23/2019,193.0416667
3992,2/22/2019,9,5/4/2019,71.95833333
3993,2/20/2019,13,4/3/2019,42.95833333
3997,2/25/2019,10,4/16/2019,50.95833333
3998,12/20/2018,9,3/7/2019,78
3999,2/25/2019,8,2/28/2019,4
4000,2/20/2019,33,3/11/2019,20
4002,2/25/2019,4,3/11/2019,15
4003,2/21/2019,5,3/22/2019,30
4004,2/26/2019,2,3/2/2019,5
4005,2/28/2019,12,3/2/2019,3
4006,2/26/2019,37,4/27/2019,60.95833333
4010,1/24/2019,23,3/29/2019,65
4013,2/25/2019,19,3/29/2019,33
4014,3/1/2019,57,3/18/2019,18
4015,3/1/2019,13,3/18/2019,18
4016,3/1/2019,84,3/18/2019,18
4019,3/4/2019,79,3/18/2019,15
4020,3/4/2019,95,3/18/2019,15
4021,3/4/2019,4,4/8/2019,35.95833333
4022,3/1/2019,2,5/6/2019,66.95833333
4023,2/25/2019,78,3/6/2019,10
4025,2/6/2019,106,3/22/2019,45
4031,3/5/2019,6,3/23/2019,19
4032,10/31/2016,99,4/26/2019,907.9583333
4033,10/31/2016,99,5/4/2019,915.9583333
4036,3/5/2019,1,5/6/2019,62.95833333
4037,3/5/2019,1,5/6/2019,62.95833333
4038,3/5/2019,1,5/6/2019,62.95833333
4039,3/5/2019,1,5/6/2019,62.95833333
4040,3/5/2019,3,3/12/2019,8
4042,2/1/2019,11,4/24/2019,82.95833333
4043,1/16/2019,12,3/16/2019,60
4044,1/21/2019,20,3/29/2019,68
4045,2/26/2019,38,7/8/2019,132.9583333
4046,2/28/2019,16,4/12/2019,43.95833333
4047,3/7/2019,1,3/12/2019,6
4048,3/7/2019,2,5/18/2019,72.95833333
4049,3/4/2019,46,3/20/2019,17
4051,2/26/2019,37,4/27/2019,60.95833333
4052,3/8/2019,10,4/18/2019,41.95833333
4054,2/20/2019,15,4/24/2019,63.95833333
4055,3/8/2019,26,3/23/2019,16
4060,3/8/2019,19,4/12/2019,35.95833333
4061,2/27/2019,8,4/16/2019,48.95833333
4062,2/27/2019,13,4/28/2019,60.95833333
4063,3/8/2019,11,3/20/2019,13
4064,2/15/2019,9,4/12/2019,56.95833333
4065,12/7/2018,22,4/24/2019,138.9583333
4066,2/27/2019,3,4/27/2019,59.95833333
4067,3/12/2019,1,4/1/2019,20.95833333
4068,3/12/2019,13,3/14/2019,3
4071,3/8/2019,1,4/8/2019,31.95833333
4072,3/13/2019,3,3/23/2019,11
4073,3/14/2019,8,3/22/2019,9
4074,3/14/2019,13,4/24/2019,41.95833333
4075,3/18/2019,48,3/19/2019,2
4077,2/26/2019,38,4/27/2019,60.95833333
4078,12/7/2018,21,3/29/2019,113
4081,3/15/2019,4,4/8/2019,24.95833333
4083,3/19/2019,97,4/1/2019,13.95833333
4084,2/6/2019,105,3/29/2019,52
4085,1/24/2019,23,4/12/2019,78.95833333
4086,2/28/2019,16,3/29/2019,30
4087,3/19/2019,63,4/1/2019,13.95833333
4088,3/19/2019,1,4/18/2019,30.95833333
4089,3/19/2019,16,4/3/2019,15.95833333
4090,3/19/2019,5,3/21/2019,3
4091,2/22/2019,1,3/22/2019,29
4093,3/20/2019,7,4/12/2019,23.95833333
4094,3/18/2019,13,3/22/2019,5
4095,2/26/2019,14,4/8/2019,41.95833333
4096,3/20/2019,9,4/12/2019,23.95833333
4097,3/21/2019,19,5/16/2019,56.95833333
4099,3/21/2019,2,4/10/2019,20.95833333
4100,3/21/2019,21,4/24/2019,34.95833333
4101,3/22/2019,41,5/17/2019,56.95833333
4102,3/25/2019,32,5/22/2019,58.95833333
4103,3/26/2019,1,4/16/2019,21.95833333
4105,3/13/2019,20,3/28/2019,16
4106,2/20/2019,15,4/24/2019,63.95833333
4107,3/25/2019,21,4/27/2019,33.95833333
4108,3/28/2019,1,3/30/2019,3
4109,3/21/2019,20,4/24/2019,34.95833333
4111,3/27/2019,18,4/1/2019,5.958333333
4113,3/29/2019,378,4/3/2019,5.958333333
4114,3/21/2019,18,5/16/2019,56.95833333
4115,4/2/2019,13,5/16/2019,45
4117,3/29/2019,3,7/22/2019,115.9583333
4119,4/1/2019,3,4/10/2019,10
4121,4/1/2019,1,4/10/2019,10
4122,3/26/2019,23,6/27/2019,93.95833333
4123,12/12/2018,2,4/4/2019,113.9583333
4124,4/2/2019,22,4/28/2019,27
4125,4/2/2019,2,4/10/2019,9
4126,1/29/2019,6,4/9/2019,70.95833333
4127,3/26/2019,10,5/4/2019,39.95833333
4128,2/22/2019,9,5/4/2019,71.95833333
4129,4/5/2019,97,5/15/2019,41
4130,4/5/2019,93,4/11/2019,7
4134,4/4/2019,9,4/16/2019,13
4136,4/5/2019,11,4/18/2019,14
4137,2/26/2019,37,4/18/2019,51.95833333
4138,4/5/2019,64,5/15/2019,41
4139,4/8/2019,13,4/28/2019,21
4143,4/9/2019,1,5/27/2019,49
4144,4/9/2019,1,5/27/2019,49
4145,4/10/2019,13,5/11/2019,32
4148,4/8/2019,7,5/6/2019,29
4149,3/28/2019,7,5/16/2019,49.95833333
4153,4/1/2019,72,5/23/2019,53
4154,4/2/2019,21,4/28/2019,27
4155,4/10/2019,21,5/17/2019,38
4156,4/15/2019,41,5/6/2019,22
4157,4/16/2019,20,5/11/2019,26
4158,4/10/2019,11,4/18/2019,9
4159,3/22/2019,3,4/18/2019,27.95833333
4160,4/17/2019,12,5/27/2019,41
4161,3/12/2018,31,6/5/2019,450.9583333
4162,2/22/2019,9,5/4/2019,71.95833333
4165,4/9/2019,68,6/18/2019,71
4166,3/21/2019,1,6/20/2019,91.95833333
4167,4/18/2019,31,5/11/2019,24
4169,4/17/2019,62,5/8/2019,22
4170,4/24/2019,5,5/10/2019,17
4171,4/25/2019,35,4/26/2019,2
4173,4/23/2019,12,5/20/2019,28
4174,3/21/2019,21,4/30/2019,40.95833333
4175,4/25/2019,10,5/20/2019,26
4176,4/26/2019,10,5/17/2019,22
4177,4/18/2019,30,5/11/2019,24
4178,4/25/2019,33,6/9/2019,46
4179,4/23/2019,48,5/11/2019,19
4181,4/29/2019,1,5/7/2019,9
4183,4/29/2019,34,5/1/2019,3
4184,3/21/2019,21,5/16/2019,56.95833333
4186,5/2/2019,15,6/5/2019,35
4187,4/17/2019,12,5/27/2019,41
4188,5/2/2019,17,6/5/2019,35
4189,5/2/2019,9,6/5/2019,35
4190,5/2/2019,34,5/29/2019,28
4192,5/3/2019,25,5/30/2019,28
4194,5/1/2019,31,7/16/2019,77
4195,3/19/2019,27,7/3/2019,106.9583333
4196,5/2/2019,13,6/5/2019,35
4197,5/6/2019,9,5/8/2019,3
4198,5/7/2019,14,5/11/2019,5
4199,3/29/2019,3,7/22/2019,115.9583333
4200,5/7/2019,5,5/23/2019,17
4201,5/8/2019,20,5/30/2019,23
4204,5/3/2019,25,5/30/2019,28
4205,5/9/2019,10,6/20/2019,43
4206,2/18/2019,25,5/23/2019,94.95833333
4207,5/3/2019,25,5/10/2019,8
4208,5/3/2019,26,5/15/2019,13
4209,5/10/2019,7,7/4/2019,56
4210,3/19/2019,26,7/3/2019,106.9583333
4211,5/10/2019,6,5/11/2019,2
4213,5/10/2019,12,5/20/2019,11
4214,2/1/2017,15,6/5/2019,854.9583333
4215,5/13/2019,8,5/14/2019,2
4216,5/13/2019,6,5/23/2019,11
4217,3/29/2019,3,7/22/2019,115.9583333
4218,5/14/2019,11,6/20/2019,38
4219,5/14/2019,41,5/21/2019,8
4220,5/14/2019,4,5/27/2019,14
4221,5/16/2019,42,5/17/2019,2
4222,5/15/2019,4,6/1/2019,18
4228,5/15/2019,2,6/1/2019,18
4229,5/17/2019,8,5/23/2019,7
4230,4/16/2019,84,8/30/2019,137
4231,5/17/2019,13,5/30/2019,14
4232,3/7/2019,2,6/9/2019,94.95833333
4233,5/20/2019,10,6/27/2019,39
4242,4/9/2019,68,6/18/2019,71
4243,5/24/2019,8,6/27/2019,35
4244,5/24/2019,18,7/3/2019,41
4245,5/21/2019,13,6/10/2019,21
4248,2/19/2018,108,7/30/2019,526.9583333
4250,5/24/2019,16,7/31/2019,69
4252,5/27/2019,1,7/22/2019,57
4254,5/28/2019,1,6/1/2019,5
4255,5/10/2019,12,6/1/2019,23
4256,5/28/2019,1,6/9/2019,13
4257,5/29/2019,11,6/4/2019,7
4260,5/31/2019,3,7/29/2019,60
4262,5/1/2019,30,7/16/2019,77
4263,4/18/2019,30,6/10/2019,54
4265,6/3/2019,1,6/9/2019,7
4266,11/25/2018,10,8/3/2019,251.9583333
4267,5/31/2019,24,7/14/2019,45
4268,6/3/2019,28,10/17/2019,137
4269,5/24/2019,7,6/10/2019,18
4270,6/5/2019,1,6/6/2019,2
4271,6/3/2019,1,6/9/2019,7
4272,5/7/2019,12,6/7/2019,32
4278,5/31/2019,63,8/12/2019,74
4279,5/24/2019,7,6/27/2019,35
4281,5/27/2019,21,8/9/2019,75
4282,5/27/2019,20,8/9/2019,75
4283,6/4/2019,13,8/3/2019,61
4287,5/15/2019,12,8/3/2019,81
4288,5/15/2019,22,7/12/2019,59
4289,6/7/2019,3,7/2/2019,26
4290,6/7/2019,5,6/8/2019,2
4294,6/11/2019,2,6/15/2019,5
4297,6/12/2019,1,6/13/2019,2
4298,4/16/2019,2,8/9/2019,116
4299,6/11/2019,13,7/18/2019,38
4301,6/12/2019,233,6/27/2019,16
4303,6/7/2019,50,6/15/2019,9
4304,5/21/2019,12,6/27/2019,38
4305,4/18/2019,30,6/27/2019,71
4306,6/13/2019,1,6/15/2019,3
4311,6/14/2019,2,7/8/2019,25
4315,6/14/2019,48,6/22/2019,9
4316,6/14/2019,48,6/26/2019,13
4317,6/18/2019,19,6/25/2019,8
4318,6/18/2019,19,7/2/2019,15
4319,6/18/2019,14,7/3/2019,16
4320,6/19/2019,1,7/22/2019,34
4322,6/19/2019,1,7/22/2019,34
4324,6/21/2019,81,7/4/2019,14
4325,6/21/2019,6,7/19/2019,29
4327,5/20/2019,7,7/5/2019,47
4328,5/27/2019,21,7/16/2019,51
4329,5/23/2019,22,8/3/2019,73
4330,6/23/2019,16,8/10/2019,49
4331,6/7/2019,37,8/22/2019,77
4332,6/25/2019,33,6/26/2019,2
4333,6/13/2019,13,8/10/2019,59
4335,4/11/2019,7,8/13/2019,125
4336,3/14/2019,15,7/31/2019,139.9583333
4337,6/24/2019,21,8/15/2019,53
4338,5/24/2019,15,7/31/2019,69
4339,6/25/2019,24,8/16/2019,53
4350,12/11/2018,5,8/8/2019,240.9583333
4351,12/11/2018,4,8/8/2019,240.9583333
4352,6/27/2019,27,9/24/2019,90
4353,6/21/2019,35,7/4/2019,14
4354,6/6/2019,12,7/31/2019,56
4355,6/4/2019,15,8/3/2019,61
4356,5/31/2019,62,7/26/2019,57
4357,6/21/2019,24,7/15/2019,25
4358,2/27/2019,13,7/8/2019,131.9583333
4359,4/8/2019,13,7/8/2019,92
4360,6/17/2019,15,8/10/2019,55
4361,5/23/2019,22,8/3/2019,73
4363,7/5/2019,48,7/19/2019,15
4365,7/5/2019,6,7/22/2019,18
4366,7/5/2019,59,7/11/2019,7
4368,7/5/2019,16,7/15/2019,11
4369,5/24/2019,8,7/19/2019,57
4370,7/8/2019,24,7/15/2019,8
4371,7/1/2019,12,7/18/2019,18
4372,7/8/2019,14,8/15/2019,39
4373,7/9/2019,2,7/18/2019,10
4374,5/21/2019,6,9/9/2019,112
4375,7/3/2019,28,7/18/2019,16
4376,4/16/2019,84,7/30/2019,106
4377,6/17/2019,3,7/18/2019,32
4378,7/8/2019,11,8/26/2019,50
4380,7/9/2019,3,7/18/2019,10
4381,7/9/2019,2,7/18/2019,10
4382,5/29/2019,74,7/11/2019,44
4383,7/8/2019,1,7/29/2019,22
4384,7/8/2019,9,7/26/2019,19
4385,7/10/2019,21,9/11/2019,64
4386,7/10/2019,24,7/20/2019,11
4387,7/10/2019,10,8/23/2019,45
4388,7/7/2019,1,7/18/2019,12
4391,7/10/2019,1,7/29/2019,20
4395,7/11/2019,25,7/24/2019,14
4396,7/11/2019,28,7/16/2019,6
4397,7/8/2019,2,9/2/2019,57
4399,7/10/2019,141,8/4/2019,26
4400,7/10/2019,86,7/25/2019,16
4402,6/4/2019,16,8/3/2019,61
4408,7/12/2019,1,9/7/2019,58
4409,7/12/2019,1,9/7/2019,58
4410,7/10/2019,19,9/3/2019,56
4413,3/5/2019,1,7/22/2019,139.9583333
4414,7/15/2019,8,7/26/2019,12
4415,7/15/2019,55,7/21/2019,7
4416,7/5/2019,6,8/30/2019,57
4417,6/4/2019,13,8/3/2019,61
4420,6/28/2019,25,9/8/2019,73
4421,5/31/2019,62,7/26/2019,57
4422,5/23/2019,21,8/3/2019,73
4423,7/9/2019,7,8/15/2019,38
4424,7/16/2019,13,7/19/2019,4
4425,7/12/2019,3,8/17/2019,37
4429,7/15/2019,3,8/8/2019,25
4430,7/1/2019,19,9/3/2019,65
4431,7/16/2019,11,9/3/2019,50
4432,7/9/2019,25,8/15/2019,38
4434,7/18/2019,1,8/4/2019,18
4435,7/17/2019,31,9/9/2019,55
4436,5/21/2019,21,8/13/2019,85
4437,7/16/2019,21,8/10/2019,26
4438,7/15/2019,1,7/26/2019,12
4439,7/18/2019,10,7/31/2019,14
4440,7/19/2019,3,8/1/2019,14
4441,7/19/2019,13,7/24/2019,6
4442,7/17/2019,1,8/4/2019,19
4444,7/22/2019,16,7/30/2019,9
4446,7/17/2019,28,8/21/2019,36
4447,7/22/2019,9,8/10/2019,20
4448,4/10/2019,31,9/9/2019,153
4449,7/23/2019,194,7/30/2019,8
4450,7/9/2019,28,10/11/2019,95
4451,6/19/2019,21,8/15/2019,58
4452,7/16/2019,9,8/17/2019,33
4458,7/24/2019,15,10/4/2019,73
4461,7/26/2019,4,7/27/2019,2
4462,7/26/2019,13,8/15/2019,21
4463,7/26/2019,1,7/30/2019,5
4465,7/19/2019,21,10/11/2019,85
4466,7/24/2019,13,8/8/2019,16
4467,7/26/2019,2,9/7/2019,44
4468,7/26/2019,2,9/7/2019,44
4469,7/9/2019,25,8/15/2019,38
4470,5/31/2019,62,8/12/2019,74
4482,7/24/2019,19,10/7/2019,76
4483,7/19/2019,49,9/20/2019,64
4484,7/30/2019,1,9/7/2019,40
4486,7/31/2019,8,8/10/2019,11
4487,7/31/2019,2,8/21/2019,22
4489,8/5/2019,2,8/7/2019,3
4490,8/5/2019,10,8/7/2019,3
4491,8/5/2019,63,8/7/2019,3
4492,7/31/2019,2,8/16/2019,17
4496,8/7/2019,24,8/13/2019,7
4497,8/8/2019,37,9/19/2019,43
4499,8/9/2019,2,8/16/2019,8
4501,8/9/2019,7,9/9/2019,32
4502,8/8/2019,2,9/5/2019,29
4505,8/6/2019,15,8/14/2019,9
4506,8/13/2019,3,8/16/2019,4
4507,7/22/2019,30,9/9/2019,50
4508,7/19/2019,48,9/5/2019,49
4509,8/13/2019,1,8/22/2019,10
4510,8/14/2019,1,8/17/2019,4
4511,8/14/2019,13,9/9/2019,27
4521,8/8/2019,4,9/27/2019,51
4526,8/13/2019,7,8/29/2019,17
4529,8/13/2019,23,8/20/2019,8
4530,8/13/2019,2,9/6/2019,25
4531,7/19/2019,21,10/11/2019,85
4532,8/15/2019,71,10/15/2019,62
4536,7/26/2019,10,10/7/2019,74
4541,8/14/2019,73,10/11/2019,59
4542,8/8/2019,15,9/17/2019,41
4543,8/16/2019,4,9/27/2019,43
4546,8/16/2019,1,9/14/2019,30
4548,8/19/2019,2,8/24/2019,6
4549,8/20/2019,13,10/17/2019,59
4550,8/20/2019,1,9/24/2019,36
4551,8/20/2019,1,9/24/2019,36
4552,7/17/2019,28,8/21/2019,36
4553,8/19/2019,16,9/3/2019,16
4557,8/20/2019,12,8/27/2019,8
4567,8/20/2019,12,10/17/2019,59
4569,8/21/2019,4,9/27/2019,38
4570,8/5/2019,22,10/1/2019,58
4572,8/22/2019,2,9/18/2019,28
4573,8/21/2019,2,9/24/2019,35
4574,8/26/2019,1,8/27/2019,2
4575,7/26/2019,10,10/7/2019,74
4577,8/26/2019,56,10/21/2019,57
4578,8/26/2019,19,10/17/2019,53
4579,8/26/2019,6,10/4/2019,40
4580,8/27/2019,14,10/4/2019,39
4581,8/28/2019,8,8/29/2019,2
4582,8/28/2019,8,9/11/2019,15
4583,8/9/2019,97,9/16/2019,39
4586,8/29/2019,97,9/16/2019,19
4587,8/30/2019,2,9/24/2019,26
4588,8/21/2019,1,9/27/2019,38
4589,9/1/2019,2,10/2/2019,32
4596,9/3/2019,13,9/6/2019,4
4597,8/28/2019,19,9/9/2019,13
4599,9/5/2019,14,9/27/2019,23
4600,6/23/2019,15,10/11/2019,111
4601,9/4/2019,22,9/11/2019,8
4607,9/5/2019,64,9/14/2019,10
4608,9/4/2019,194,9/13/2019,10
4609,9/4/2019,21,9/19/2019,16
4611,9/6/2019,5,9/14/2019,9
4613,8/14/2019,72,10/11/2019,59
4614,8/8/2019,37,9/19/2019,43
4616,9/9/2019,50,9/14/2019,6
4618,6/28/2019,13,10/7/2019,102
4619,9/11/2019,98,9/18/2019,8
4621,9/12/2019,3,10/10/2019,29
4622,9/5/2019,33,9/17/2019,13
4625,9/13/2019,9,10/10/2019,28
4627,9/13/2019,13,10/18/2019,36
4634,9/16/2019,25,9/18/2019,3
4636,7/30/2019,25,10/11/2019,74
4637,8/27/2019,14,10/4/2019,39
4639,9/12/2019,13,10/18/2019,37
4641,9/19/2019,8,10/11/2019,23
4643,9/18/2019,42,9/27/2019,10
4646,9/19/2019,9,9/24/2019,6
4650,9/12/2019,48,9/25/2019,14
4652,4/10/2019,31,10/11/2019,185
4653,7/17/2019,31,10/11/2019,87
4654,9/23/2019,11,10/18/2019,26
4660,9/27/2019,13,10/18/2019,22
4670,9/21/2019,3,10/10/2019,20
4671,9/27/2019,2,10/10/2019,14
4672,9/25/2019,2,10/18/2019,24
4675,9/27/2019,8,10/18/2019,22
4676,9/27/2019,5,10/21/2019,25
4678,9/27/2019,9,10/10/2019,14
4680,9/24/2019,34,10/19/2019,26
4682,10/2/2019,14,10/18/2019,17
4684,9/30/2019,1,10/5/2019,6
4686,10/4/2019,1,10/17/2019,14
4687,10/7/2019,39,10/17/2019,11
4688,10/7/2019,31,10/22/2019,16
4689,10/7/2019,25,10/18/2019,12
4690,10/7/2019,17,10/16/2019,10
4691,10/3/2019,8,10/16/2019,14
4692,10/3/2019,108,10/16/2019,14
4695,10/8/2019,1,10/18/2019,11
4696,10/9/2019,4,10/15/2019,7
4701,10/2/2019,193,10/17/2019,16
4708,7/16/2019,21,10/18/2019,95
4714,10/14/2019,1,10/15/2019,2
4715,10/14/2019,1,10/15/2019,2
4716,8/20/2019,1,10/22/2019,64
4721,10/15/2019,12,10/22/2019,8
4722,9/24/2019,34,10/19/2019,26
4723,10/16/2019,16,10/21/2019,6
